PRAGMA journal_mode = off;
PRAGMA cache_size = -1024000;

DROP TABLE IF EXISTS "composite_images";
DROP TABLE IF EXISTS "index_images";
DROP TABLE IF EXISTS "normalized_images";
DROP TABLE IF EXISTS "spectral_bands";
DROP TABLE IF EXISTS "sensors";
DROP TABLE IF EXISTS "wrs";

-------------------------------------------------------------------------------------------
--------------------------------- "Let there be light" ------------------------------------
-------------------------------------------------------------------------------------------

CREATE TABLE "sensors" (
	"id" TEXT PRIMARY KEY,
	"sensor" TEXT,
	"full_name" TEXT,
	"satellite" TEXT,
	"temporal_resolution" REAL
);

CREATE TABLE "spectral_bands"(
	"sensor_id" TEXT,
	"band_number" TEXT,
	"band_name" TEXT,
	"mm_start_interval" REAL,
	"mm_central_interval" REAL,
	"mm_end_interval" REAL,
	"nm_bandwith" REAL,
	"spatial_resolution" REAL,
	PRIMARY KEY("sensor_id", "band_number"),
	FOREIGN KEY("sensor_id") REFERENCES sensors(id)
);

CREATE TABLE "normalized_images"(
	"id" INTEGER PRIMARY KEY AUTOINCREMENT,
	"sensor_id" TEXT,
	"band_number" TEXT,
	"reflectance_correction" TEXT,
	"pixel_size" REAL,
	"srid" INTEGER,
	"upper_left" REAL,
	"lower_left" REAL,
	"upper_right" REAL,
	"lower_right" REAL,
	"origin" REAL,
	"nlines" INTEGER,
	"ncolumns" INTEGER,
	"acquisition_year" INTEGER,
	"acquisition_julian_day" INTEGER,
	"acquisition_date" DATE,
	"cloud_cover" REAL,
	"img_filepath" TEXT,
	"cloud_filepath" TEXT,
	FOREIGN KEY("sensor_id","band_number") REFERENCES "spectral_bands"("sensor_id","band_number")
);

CREATE TABLE "index_images"(
	"id" INTEGER PRIMARY KEY AUTOINCREMENT,
	"index_name" TEXT,
	"img_filepath" TEXT
);

CREATE TABLE "composite_images"(
	"id" INTEGER PRIMARY KEY AUTOINCREMENT,
	"composite_name" TEXT,
	"img_filepath" TEXT,
	"quality_img_filepath" TEXT
);

CREATE TABLE "wrs" (
	"id" TEXT,
	"utm_srid" INTEGER REFERENCES spatial_ref_sys(srid)
);
SELECT AddGeometryColumn('wrs','Geometry',4326,'POLYGON','XY');

-------------------------------------------------------------------------------------------
--------------------------------- sensors values ------------------------------------------
-------------------------------------------------------------------------------------------
INSERT INTO "sensors" VALUES('L8_OLI','OLI','Operational Land Imager','Landsat-8',16);
INSERT INTO "sensors" VALUES('L7_ETM','ETM+','Enhanced Thematic Mapper +','Landsat-7',16);
INSERT INTO "sensors" VALUES('L5_TM','TM','Thematic Mapper','Landsat-5',16);
INSERT INTO "sensors" VALUES('C4_MUX','MUX','Multispectral Camera','CBERS-4',26);
INSERT INTO "sensors" VALUES('CB_HRCC','HRCC','High-resolution land and vegetation observation','CBERS-2B',26);
INSERT INTO "sensors" VALUES('C2_HRCC','HRCC','High-resolution land and vegetation observation','CBERS-2',26);
INSERT INTO "sensors" VALUES('R2_LISS3','LISS-3','Linear Imaging Self-Scanning Sensor - 3','ResourceSat-2', 24);
INSERT INTO "sensors" VALUES('R1_LISS3','LISS-3','Linear Imaging Self-Scanning Sensor - 3','ResourceSat-1', 24);
INSERT INTO "sensors" VALUES('UK_SLIM6','SLIM6','Surrey Linear Imager Multispectral 6 channels','UK-DMC-2',null);
INSERT INTO "sensors" VALUES('TR_ASTER','ASTER','Advanced Spaceborne Thermal Emission and Reflection radiometer','Terra',16);
INSERT INTO "sensors" VALUES('2A_MSI','MSI','Multi-Spectral Imager for Sentinel-2','Sentinel-2A',10);
INSERT INTO "sensors" VALUES('PV_VEG','VEGETATION','Végétation for PROBA','PROBA-V',1);
INSERT INTO "sensors" VALUES('TR_MOD','MODIS','Moderate-resolution Imaging Spectro-radiometer','TERRA',2);
INSERT INTO "sensors" VALUES('SP_VIIRS','VIIRS','Visible/Infrared Imager Radiometer Suite','SNPP',2);

-------------------------------------------------------------------------------------------
--------------------------------- spectral_bands values -----------------------------------
-------------------------------------------------------------------------------------------
INSERT INTO "spectral_bands" VALUES('L8_OLI','1','Ultra Blue (coastal/aerosol)',0.435,NULL,NULL,0.451,30);
INSERT INTO "spectral_bands" VALUES('L8_OLI','2','Blue',0.452,NULL,NULL,0.512,30);
INSERT INTO "spectral_bands" VALUES('L8_OLI','3','Green',0.533,NULL,NULL,0.590,30);
INSERT INTO "spectral_bands" VALUES('L8_OLI','4','Red',0.636,NULL,NULL,0.673,30);
INSERT INTO "spectral_bands" VALUES('L8_OLI','5','Near Infrared (NIR)',0.851,NULL,NULL,0.879,30);
INSERT INTO "spectral_bands" VALUES('L8_OLI','6','Shortwave Infrared (SWIR) 1',1.566,NULL,NULL,1.651,30);
INSERT INTO "spectral_bands" VALUES('L8_OLI','7','Shortwave Infrared (SWIR) 2',2.107,NULL,NULL,2.294,30);
INSERT INTO "spectral_bands" VALUES('L8_OLI','8','Panchromatic',0.503,NULL,NULL,0.676,15);
INSERT INTO "spectral_bands" VALUES('L8_OLI','9','Cirrus',1.363,NULL,NULL,1.384,30);
INSERT INTO "spectral_bands" VALUES('L8_OLI','10','Thermal Infrared (TIRS) 1',10.60,NULL,NULL,11.19,100);
INSERT INTO "spectral_bands" VALUES('L8_OLI','11','Thermal Infrared (TIRS) 2',11.50,NULL,NULL,12.51,100);

INSERT INTO "spectral_bands" VALUES('L7_ETM','1','Blue',0.45,NULL,NULL,0.52,30);
INSERT INTO "spectral_bands" VALUES('L7_ETM','2','Green',0.52,NULL,NULL,0.60,30);
INSERT INTO "spectral_bands" VALUES('L7_ETM','3','Red',0.63,NULL,NULL,0.69,30);
INSERT INTO "spectral_bands" VALUES('L7_ETM','4','Near Infrared (NIR)',0.77,NULL,NULL,0.90,30);
INSERT INTO "spectral_bands" VALUES('L7_ETM','5','Shortwave Infrared (SWIR) 1',1.55,NULL,NULL,1.75,30);
INSERT INTO "spectral_bands" VALUES('L7_ETM','6','Thermal',10.40,NULL,NULL,12.50,60);
INSERT INTO "spectral_bands" VALUES('L7_ETM','7','Shortwave Infrared (SWIR) 2',2.09,NULL,NULL,2.35,30);
INSERT INTO "spectral_bands" VALUES('L7_ETM','8','Panchromatic',0.52,NULL,NULL,0.90,15);

INSERT INTO "spectral_bands" VALUES('L5_TM','1','Blue',0.45,NULL,NULL,0.52,30);
INSERT INTO "spectral_bands" VALUES('L5_TM','2','Green',0.52,NULL,NULL,0.60,30);
INSERT INTO "spectral_bands" VALUES('L5_TM','3','Red',0.63,NULL,NULL,0.69,30);
INSERT INTO "spectral_bands" VALUES('L5_TM','4','Near Infrared (NIR)',0.76,NULL,NULL,0.90,30);
INSERT INTO "spectral_bands" VALUES('L5_TM','5','Shortwave Infrared (SWIR) 1',1.55,NULL,NULL,1.75,30);
INSERT INTO "spectral_bands" VALUES('L5_TM','6','Thermal',10.40,NULL,NULL,12.50,120);
INSERT INTO "spectral_bands" VALUES('L5_TM','7','Shortwave Infrared (SWIR) 2',2.08,NULL,NULL,2.35,30);

INSERT INTO "spectral_bands" VALUES('C4_MUX','5','Blue',0.45,NULL,NULL,0.52,20);
INSERT INTO "spectral_bands" VALUES('C4_MUX','6','Green',0.52,NULL,NULL,0.59,20);
INSERT INTO "spectral_bands" VALUES('C4_MUX','7','Red',0.63,NULL,NULL,0.69,20);
INSERT INTO "spectral_bands" VALUES('C4_MUX','8','Near Infrared (NIR)',0.77,NULL,NULL,0.89,20);

INSERT INTO "spectral_bands" VALUES('CB_HRCC','1','Blue',0.43,NULL,NULL,0.52,20);
INSERT INTO "spectral_bands" VALUES('CB_HRCC','2','Green',0.52,NULL,NULL,0.59,20);
INSERT INTO "spectral_bands" VALUES('CB_HRCC','3','Red',0.63,NULL,NULL,0.69,20);
INSERT INTO "spectral_bands" VALUES('CB_HRCC','4','Near Infrared (NIR)',0.77,NULL,NULL,0.89,20);

INSERT INTO "spectral_bands" VALUES('C2_HRCC','1','Blue',0.43,NULL,NULL,0.52,20);
INSERT INTO "spectral_bands" VALUES('C2_HRCC','2','Green',0.52,NULL,NULL,0.59,20);
INSERT INTO "spectral_bands" VALUES('C2_HRCC','3','Red',0.63,NULL,NULL,0.69,20);
INSERT INTO "spectral_bands" VALUES('C2_HRCC','4','Near Infrared (NIR)',0.77,NULL,NULL,0.89,20);

INSERT INTO "spectral_bands" VALUES('R2_LISS3','2','Green',0.52,NULL,NULL,0.59,23.5);
INSERT INTO "spectral_bands" VALUES('R2_LISS3','3','Red',0.62,NULL,NULL,0.69,23.5);
INSERT INTO "spectral_bands" VALUES('R2_LISS3','4','Near Infrared (NIR)',0.77,NULL,NULL,0.86,23.5);
INSERT INTO "spectral_bands" VALUES('R2_LISS3','5','Shortwave Infrared (SWIR) 1',1.55,NULL,NULL,1.70,23.5);

INSERT INTO "spectral_bands" VALUES('R1_LISS3','2','Green',0.52,NULL,NULL,0.59,23.5);
INSERT INTO "spectral_bands" VALUES('R1_LISS3','3','Red',0.62,NULL,NULL,0.69,23.5);
INSERT INTO "spectral_bands" VALUES('R1_LISS3','4','Near Infrared (NIR)',0.77,NULL,NULL,0.86,23.5);
INSERT INTO "spectral_bands" VALUES('R1_LISS3','5','Shortwave Infrared (SWIR) 1',1.55,NULL,NULL,1.70,23.5);

INSERT INTO "spectral_bands" VALUES('UK_SLIM6','3','Green',0.52,NULL,NULL,0.62,32);
INSERT INTO "spectral_bands" VALUES('UK_SLIM6','2','Red',0.63,NULL,NULL,0.69,32);
INSERT INTO "spectral_bands" VALUES('UK_SLIM6','1','Near Infrared (NIR)',0.76,NULL,NULL,0.90,32);

INSERT INTO "spectral_bands" VALUES('TR_ASTER','1','Green',0.52,NULL,NULL,0.60,30);
INSERT INTO "spectral_bands" VALUES('TR_ASTER','2','Red',0.63,NULL,NULL,0.69,30);
INSERT INTO "spectral_bands" VALUES('TR_ASTER','3','Near Infrared (NIR) Nadir looking',0.76,NULL,NULL,0.86,30);
INSERT INTO "spectral_bands" VALUES('TR_ASTER','3B','Near Infrared (NIR) Backward looking',0.76,NULL,NULL,0.86,30);
INSERT INTO "spectral_bands" VALUES('TR_ASTER','4','Shortwave Infrared (SWIR) 1',1.6,NULL,NULL,1.7,30);
INSERT INTO "spectral_bands" VALUES('TR_ASTER','5','Shortwave Infrared (SWIR) 2',2.145,NULL,NULL,2.185,30);
INSERT INTO "spectral_bands" VALUES('TR_ASTER','6','Shortwave Infrared (SWIR) 3',2.185,NULL,NULL,2.225,30);
INSERT INTO "spectral_bands" VALUES('TR_ASTER','7','Shortwave Infrared (SWIR) 4',2.235,NULL,NULL,2.285,30);
INSERT INTO "spectral_bands" VALUES('TR_ASTER','8','Shortwave Infrared (SWIR) 5',2.295,NULL,NULL,2.365,30);
INSERT INTO "spectral_bands" VALUES('TR_ASTER','9','Shortwave Infrared (SWIR) 6',2.360,NULL,NULL,2.430,30);
INSERT INTO "spectral_bands" VALUES('TR_ASTER','10','Thermal Infrared (TIRS) 1',8.125,NULL,NULL,8.475,30);
INSERT INTO "spectral_bands" VALUES('TR_ASTER','11','Thermal Infrared (TIRS) 2',8.475,NULL,NULL,8.825,30);
INSERT INTO "spectral_bands" VALUES('TR_ASTER','12','Thermal Infrared (TIRS) 3',8.925,NULL,NULL,9.275,30);
INSERT INTO "spectral_bands" VALUES('TR_ASTER','13','Thermal Infrared (TIRS) 4',10.25,NULL,NULL,10.95,30);
INSERT INTO "spectral_bands" VALUES('TR_ASTER','14','Thermal Infrared (TIRS) 4',10.95,NULL,NULL,11.65,30);

INSERT INTO "spectral_bands" VALUES('2A_MSI','1','Coastal aerosol',0.4304,NULL,NULL,0.4574,60);
INSERT INTO "spectral_bands" VALUES('2A_MSI','2','Blue',0.4476,NULL,NULL,0.5456,10);
INSERT INTO "spectral_bands" VALUES('2A_MSI','3','Green',0.5375,NULL,NULL,0.5825,10);
INSERT INTO "spectral_bands" VALUES('2A_MSI','4','Red',0.6455,NULL,NULL,0.6835,10);
INSERT INTO "spectral_bands" VALUES('2A_MSI','5','Vegetation Red Edge 1',0.6944,NULL,NULL,0.7134,20);
INSERT INTO "spectral_bands" VALUES('2A_MSI','6','Vegetation Red Edge 2',0.7312,NULL,NULL,0.7492,20);
INSERT INTO "spectral_bands" VALUES('2A_MSI','7','Vegetation Red Edge 3',0.7685,NULL,NULL,0.7965,20);
INSERT INTO "spectral_bands" VALUES('2A_MSI','8','Near Infrared (NIR)',0.7626,NULL,NULL,0.9076,10);
INSERT INTO "spectral_bands" VALUES('2A_MSI','8a','Narrow Near Infrared (NIR)',0.8483,NULL,NULL,0.8813,20);
INSERT INTO "spectral_bands" VALUES('2A_MSI','9','Water vapour',0.932,NULL,NULL,0.958,60);
INSERT INTO "spectral_bands" VALUES('2A_MSI','10','Shortwave Infrared (SWIR) Cirrus',1.336,NULL,NULL,1.411,60);
INSERT INTO "spectral_bands" VALUES('2A_MSI','11','Shortwave Infrared (SWIR) 1',1.5422,NULL,NULL,1.6852,20);
INSERT INTO "spectral_bands" VALUES('2A_MSI','12','Shortwave Infrared (SWIR) 2',2.0814,NULL,NULL,2.3234,20);

INSERT INTO "spectral_bands" VALUES('PV_VEG','1','Blue',0.463,NULL,NULL,0.509,100);
INSERT INTO "spectral_bands" VALUES('PV_VEG','2','Red',0.655,NULL,NULL,0.734,100);
INSERT INTO "spectral_bands" VALUES('PV_VEG','3','Near Infrared (NIR)',0.845,NULL,NULL,0.989,100);
INSERT INTO "spectral_bands" VALUES('PV_VEG','4','Shortwave Infrared (SWIR)',1.6,NULL,NULL,1.673,100);

INSERT INTO "spectral_bands" VALUES('TR_MOD','3','Blue',0.459,NULL,NULL,0.479,250);
INSERT INTO "spectral_bands" VALUES('TR_MOD','1','Red',0.620,NULL,NULL,0.670,60);
INSERT INTO "spectral_bands" VALUES('TR_MOD','2','Near Infrared (NIR)',0.841,NULL,NULL,0.876,60);
INSERT INTO "spectral_bands" VALUES('TR_MOD','7','Mid-Infrared (MIR)',2.105,NULL,NULL,2.155,60);

INSERT INTO "spectral_bands" VALUES('SP_VIIRS','3','Blue',0.478,NULL,NULL,0.488,250);
INSERT INTO "spectral_bands" VALUES('SP_VIIRS','1','Red',0.662,NULL,NULL,0.682,60);
INSERT INTO "spectral_bands" VALUES('SP_VIIRS','2','Near Infrared (NIR)',0.841,NULL,NULL,0.876,60);
INSERT INTO "spectral_bands" VALUES('SP_VIIRS','7','Mid-Infrared (MIR)',2.105,NULL,NULL,2.155,60);

-------------------------------------------------------------------------------------------
--------------------------------- Brazil Row/Path -----------------------------------------
-------------------------------------------------------------------------------------------
INSERT INTO "wrs"("id","Geometry","utm_srid") VALUES('223071',X'0001E6100000C64AB09747F949C0534C547CA4B930C0A16D7D1D5B1049C06E1799958F212EC07C030000000100000005000000B477FF3FF0CF49C06E1799958F212EC0A16D7D1D5B1049C089FE5ED942902EC06D0B3C72B23949C0534C547CA4B930C0C64AB09747F949C082405DD64A8230C0B477FF3FF0CF49C06E1799958F212EC0FE',32722);
INSERT INTO "wrs"("id","Geometry") VALUES('001057',X'0001E6100000896319A2E72450C070B2CC36F30D0C40BC08F4D874624FC02233977E1AAD14407C03000000010000000500000087241F7C281150C02233977E1AAD1440BC08F4D874624FC05C01D77562CF134095B69626F3894FC070B2CC36F30D0C40896319A2E72450C03767076D63C90D4087241F7C281150C02233977E1AAD1440FE');
INSERT INTO "wrs"("id","Geometry") VALUES('001058',X'0001E6100000833C319A983850C091C4D450D07C00403FB9D2E2EA894FC0FB922B8C58C90D407C0300000001000000050000006914A547E52450C0FB922B8C58C90D403FB9D2E2EA894FC020C1B51CE00D0C40BF665B8951B14FC091C4D450D07C0040833C319A983850C083EE56E8483802406914A547E52450C0FB922B8C58C90D40FE');
INSERT INTO "wrs"("id","Geometry") VALUES('001059',X'0001E6100000B44D89D6424C50C03DAF7EF232AEE33F48BD291A4CB14FC0DDA9BE8F413802407C030000000100000005000000E5125C03973850C0DDA9BE8F4138024048BD291A4CB14FC06E4169C1C37C004009E1B7C1A3D84FC03DAF7EF232AEE33FB44D89D6424C50C0275130D92A9CEA3FE5125C03973850C0DDA9BE8F41380240FE');
INSERT INTO "wrs"("id","Geometry") VALUES('001060',X'0001E61000000C8BA99FEA5F50C0FD88310D0397EABF9EB65420A1D84FC0DCD650731B9CEA3F7C03000000010000000500000016345901424C50C0DCD650731B9CEA3F9EB65420A1D84FC0617DF8A01AAEE33F76C1ED5DF2FF4FC0FD88310D0397EABF0C8BA99FEA5F50C0B791728001A9E3BF16345901424C50C0DCD650731B9CEA3FFE');
INSERT INTO "wrs"("id","Geometry") VALUES('001061',X'0001E6100000429DFD3A947350C047D2566C013702C0BF941487F2FF4FC06B05E7FC02A9E3BF7C030000000100000005000000B221168BEA5F50C06B05E7FC02A9E3BFBF941487F2FF4FC0280BBD900197EABFA87ED0F3A21350C047D2566C013702C0429DFD3A947350C0EAD28E95817B00C0B221168BEA5F50C06B05E7FC02A9E3BFFE');
INSERT INTO "wrs"("id","Geometry") VALUES('001062',X'0001E6100000F96045F0438750C0FE2823781EC80DC09172C26DA41350C06E3FC77A7E7B00C07C0300000001000000050000008B01EDE6947350C06E3FC77A7E7B00C09172C26DA41350C058104499FA3602C09F545C77532750C0FE2823781EC80DC0F96045F0438750C04014A624A20C0CC08B01EDE6947350C06E3FC77A7E7B00C0FE');
INSERT INTO "wrs"("id","Geometry") VALUES('001063',X'0001E6100000DD260D0FFE9A50C02159638C80AC14C0BA0E8258562750C08531218C9B0C0CC07C030000000100000005000000C07F8C5D458750C08531218C9B0C0CC0BA0E8258562750C0102AA02811C80DC09511270A0F3B50C02159638C80AC14C0DD260D0FFE9A50C0DEB612A2C5CE13C0C07F8C5D458750C08531218C9B0C0CC0FE');
INSERT INTO "wrs"("id","Geometry") VALUES('001064',X'0001E61000007A7E39F4C6AE50C09A725D3AC9741AC04F8A1656133B50C06CD2D892C0CE13C07C030000000100000005000000CF8F713F009B50C06CD2D892C0CE13C04F8A1656133B50C083B11F9E76AC14C040F2E50ADA4E50C09A725D3AC9741AC07A7E39F4C6AE50C06A9D7B11139719C0CF8F713F009B50C06CD2D892C0CE13C0FE');
INSERT INTO "wrs"("id","Geometry") VALUES('001065',X'0001E6100000C429B80FA3C250C06BF298E86E1E20C08A1AFFC6DF4E50C036FAF9380C9719C07C0300000001000000050000000C3976EAC9AE50C036FAF9380C9719C08A1AFFC6DF4E50C0BC052AF9BB741AC0EACD2BECB86250C06BF298E86E1E20C0C429B80FA3C250C0DED5E3F12D5F1FC00C3976EAC9AE50C036FAF9380C9719C0FE');
INSERT INTO "wrs"("id","Geometry") VALUES('001066',X'0001E6100000AF3364EA96D650C04F92BF68590223C0327CA71FC06250C092A48147255F1FC07C030000000100000005000000F51D85CFA6C250C092A48147255F1FC0327CA71FC06250C0D9412E96661E20C0126E543AB07650C04F92BF68590223C0AF3364EA96D650C0D09D0566859322C0F51D85CFA6C250C092A48147255F1FC0FE');
INSERT INTO "wrs"("id","Geometry") VALUES('001067',X'0001E6100000AE912E2CA7EA50C038C632571EE625C0C79657EEB87650C038E56722809322C07C030000000100000005000000EE7880789BD650C038E56722809322C0C79657EEB87650C04C30F2594F0223C04CCCB6A1C48A50C038C632571EE625C0AE912E2CA7EA50C08138A20E4F7725C0EE7880789BD650C038E56722809322C0FE');
INSERT INTO "wrs"("id","Geometry") VALUES('002057',X'0001E61000003E91D3CACA8750C04CA898CEF20D0C4079174A971D1450C01E0E7A2B1AAD14407C0300000001000000050000005DC792A50B7450C01E0E7A2B1AAD144079174A971D1450C0F167E52D62CF1340AF226EBDDC2750C04CA898CEF20D0C403E91D3CACA8750C022FCD5F262C90D405DC792A50B7450C01E0E7A2B1AAD1440FE');
INSERT INTO "wrs"("id","Geometry") VALUES('002059',X'0001E6100000563434FE25AF50C082AC34A632AEE33F3EF1AB36893B50C031768543413802407C030000000100000005000000C3347E2B7A9B50C031768543413802403EF1AB36893B50C0FE05D482C37C0040C759080A354F50C082AC34A632AEE33F563434FE25AF50C058A8BA672A9CEA3FC3347E2B7A9B50C03176854341380240FE');
INSERT INTO "wrs"("id","Geometry") VALUES('002060',X'0001E61000001200FEC6CDC250C0668B01A40297EABF1CAE56B9334F50C08A86DB011B9CEA3F7C030000000100000005000000B439042925AF50C08A86DB011B9CEA3F1CAE56B9334F50C0CAF3AE541AAEE33FDC57D957DC6250C0668B01A40297EABF1200FEC6CDC250C0F7C0102B01A9E3BFB439042925AF50C08A86DB011B9CEA3FFE');
INSERT INTO "wrs"("id","Geometry") VALUES('002061',X'0001E610000037BF1B6277D650C02914DA22013702C031C16C6CDC6250C0D42F85A702A9E3BF7C030000000100000005000000967B6AB2CDC250C0D42F85A702A9E3BF31C16C6CDC6250C03A118D270197EABFF088891C867650C02914DA22013702C037BF1B6277D650C07FC8B04C817B00C0967B6AB2CDC250C0D42F85A702A9E3BFFE');
INSERT INTO "wrs"("id","Geometry") VALUES('002062',X'0001E6100000F3804D1727EA50C04079ACFD1DC80DC04A927B96877650C05D37E9317E7B00C07C0300000001000000050000007F200B0E78D650C05D37E9317E7B00C04A927B96877650C0EF51C74FFA3602C0CB7E0CA0368A50C04079ACFD1DC80DC0F3804D1727EA50C00BB67CA6A10C0CC07F200B0E78D650C05D37E9317E7B00C0FE');
INSERT INTO "wrs"("id","Geometry") VALUES('002063',X'0001E610000016671F36E1FD50C0C0E3CA3580AC14C032483281398A50C0EDC7F70D9B0C0CC07C0300000001000000050000002899948428EA50C0EDC7F70D9B0C0CC032483281398A50C07A5829AE10C80DC04DF0EE32F29D50C0C0E3CA3580AC14C016671F36E1FD50C026707A47C5CE13C02899948428EA50C0EDC7F70D9B0C0CC0FE');
INSERT INTO "wrs"("id","Geometry") VALUES('002064',X'0001E61000003310761BAA1151C0511F8CC9C8741AC03956DE7EF69D50C07A764038C0CE13C07C0300000001000000050000002AAA8366E3FD50C07A764038C0CE13C03956DE7EF69D50C01B0A874776AC14C03FF2E533BDB150C0511F8CC9C8741AC03310761BAA1151C081AF869A129719C02AAA8366E3FD50C07A764038C0CE13C0FE');
INSERT INTO "wrs"("id","Geometry") VALUES('002065',X'0001E6100000E3633F37862551C05121A8A26E1E20C09F00FFEFC2B150C0B2DE04C20B9719C07C030000000100000005000000CCA0B211AD1151C0B2DE04C20B9719C09F00FFEFC2B150C0D24E5888BB741AC030A684159CC550C05121A8A26E1E20C0E3633F37862551C0A6FABD5D2D5F1FC0CCA0B211AD1151C0B2DE04C20B9719C0FE');
INSERT INTO "wrs"("id","Geometry") VALUES('002066',X'0001E610000063A056127A3951C021FEDC14590223C0DA320049A3C550C0687A5BB3245F1FC07C0300000001000000050000002E450CF7892551C0687A5BB3245F1FC0DA320049A3C550C0A91D3D50661E20C00B15276493D950C021FEDC14590223C063A056127A3951C00B71F20C859322C02E450CF7892551C0687A5BB3245F1FC0FE');
INSERT INTO "wrs"("id","Geometry") VALUES('002067',X'0001E6100000890FAD548A4D51C085E2F6F41DE625C0C9132A189CD950C0B17B54C97F9322C07C030000000100000005000000FDCD72A07E3951C0B17B54C97F9322C0C9132A189CD950C00B1F0F064F0223C0EB9624CCA7ED50C085E2F6F41DE625C0890FAD548A4D51C0815029A64E7725C0FDCD72A07E3951C0B17B54C97F9322C0FE');
INSERT INTO "wrs"("id","Geometry") VALUES('002068',X'0001E6100000E749C9CBBB6151C0D1311474B7C928C06455D90BB2ED50C0E721636D487725C07C0300000001000000050000002497EBB68F4D51C0E721636D487725C06455D90BB2ED50C0AD4FDE1C12E625C014BB5A20DE0151C0D1311474B7C928C0E749C9CBBB6151C040BBD4B1ED5A28C02497EBB68F4D51C0E721636D487725C0FE');
INSERT INTO "wrs"("id","Geometry") VALUES('003058',X'0001E6100000C986C6E85EFE50C077F711CDCF7C00404F6C2DC4BB8A50C04122F48B57C90D407C03000000010000000500000047CF7197ABEA50C04122F48B57C90D404F6C2DC4BB8A50C0F7C71441DF0D0C4058E452166F9E50C077F711CDCF7C0040C986C6E85EFE50C01406A9484838024047CF7197ABEA50C04122F48B57C90D40FE');
INSERT INTO "wrs"("id","Geometry") VALUES('003059',X'0001E6100000FAB52824091251C07AE70E5232AEE33F4809BA5E6C9E50C0443D11F0403802407C030000000100000005000000BE6AF1515DFE50C0443D11F0403802404809BA5E6C9E50C06535A73DC37C0040B851A43118B250C07AE70E5232AEE33FFAB52824091251C0D74DB9EB299CEA3FBE6AF1515DFE50C0443D11F040380240FE');
INSERT INTO "wrs"("id","Geometry") VALUES('003060',X'0001E6100000433094ECB02551C02E6737300297EABF9DABF2E016B250C06A8ADA851A9CEA3F7C0300000001000000050000002CBFF84E081251C06A8ADA851A9CEA3F9DABF2E016B250C0308E89001AAEE33FFA84237FBFC550C02E6737300297EABF433094ECB02551C0CF95E7CD00A9E3BF2CBFF84E081251C06A8ADA851A9CEA3FFE');
INSERT INTO "wrs"("id","Geometry") VALUES('003061',X'0001E610000084CD73875A3951C0F85A1DD2003702C07109B793BFC550C03DFF5B4A02A9E3BF7C03000000010000000500000029AC00D8B02551C03DFF5B4A02A9E3BF7109B793BFC550C04AF1C2B30097EABFA953A24369D950C0F85A1DD2003702C084CD73875A3951C0686050FD807B00C029AC00D8B02551C03DFF5B4A02A9E3BFFE');
INSERT INTO "wrs"("id","Geometry") VALUES('003062',X'0001E61000007646873C0A4D51C0655761771DC80DC0615694BD6AD950C0F4D288E27D7B00C07C030000000100000005000000892B63335B3951C0F4D288E27D7B00C0615694BD6AD950C0619B0AFFF93602C01C1B14C719ED50C0655761771DC80DC07646873C0A4D51C0C5A2451DA10C0CC0892B63335B3951C0F4D288E27D7B00C0FE');
INSERT INTO "wrs"("id","Geometry") VALUES('003063',X'0001E6100000A2B25A5BC46051C01CF100D77FAC14C02FD739A81CED50C03AACC0849A0C0CC07C0300000001000000050000008A57CEA90B4D51C03AACC0849A0C0CC02FD739A81CED50C0B41ADE2710C80DC06580055AD50051C01CF100D77FAC14C0A2B25A5BC46051C070B118E5C4CE13C08A57CEA90B4D51C03AACC0849A0C0CC0FE');
INSERT INTO "wrs"("id","Geometry") VALUES('003064',X'0001E61000001FBBD2408D7451C0ED78454EC8741AC055B6F4A5D90051C0E3A4DED5BFCE13C07C03000000010000000500000073EABE8BC66051C0E3A4DED5BFCE13C055B6F4A5D90051C01EEABCE875AC14C023AB2B5BA01451C0ED78454EC8741AC01FBBD2408D7451C0D8308919129719C073EABE8BC66051C0E3A4DED5BFCE13C0FE');
INSERT INTO "wrs"("id","Geometry") VALUES('003065',X'0001E6100000325FDD5C698851C067AE5C566E1E20C0559D4417A61451C0D23507410B9719C07C030000000100000005000000133C0F37907451C0D23507410B9719C0559D4417A61451C0464B110DBB741AC04EE6193D7F2851C067AE5C566E1E20C0325FDD5C698851C0417354BD2C5F1FC0133C0F37907451C0D23507410B9719C0FE');
INSERT INTO "wrs"("id","Geometry") VALUES('003066',X'0001E6100000161656385D9C51C094FE81B9580223C0854E9570862851C08DA8F112245F1FC07C0300000001000000050000001F2CAA1C6D8851C08DA8F112245F1FC0854E9570862851C0E95BF103661E20C06A712C8C763C51C094FE81B9580223C0161656385D9C51C0E418A2AC849322C01F2CAA1C6D8851C08DA8F112245F1FC0FE');
INSERT INTO "wrs"("id","Geometry") VALUES('003067',X'0001E61000003E712E7B6DB051C0DC33278A1DE625C0C2422F407F3C51C0A1E903697F9322C07C030000000100000005000000C20E72C6619C51C0A1E903697F9322C0C2422F407F3C51C0C5A7B3AA4E0223C0BEFCBAF48A5051C0DC33278A1DE625C03E712E7B6DB051C0F55B5A354E7725C0C20E72C6619C51C0A1E903697F9322C0FE');
INSERT INTO "wrs"("id","Geometry") VALUES('003068',X'0001E6100000A46BEDF29EC451C011ED6CF9B6C928C021846F34955051C007DA93FC477725C07C030000000100000005000000EED96CDD72B051C007DA93FC477725C021846F34955051C079F70DB211E625C08885A349C16451C011ED6CF9B6C928C0A46BEDF29EC451C0F69A2630ED5A28C0EED96CDD72B051C007DA93FC477725C0FE');
INSERT INTO "wrs"("id","Geometry") VALUES('004059',X'0001E610000013154048EC7451C071CA1CF631AEE33F0F3718854F0151C07A887195403802407C03000000010000000500000073DC8E76406151C07A887195403802400F3718854F0151C0DAB0EFF1C27C0040C2A38857FB1451C071CA1CF631AEE33F13154048EC7451C032524365299CEA3F73DC8E76406151C07A88719540380240FE');
INSERT INTO "wrs"("id","Geometry") VALUES('004060',X'0001E6100000FB9B4510948851C0C4B9E8B10197EABFBA03D706FA1451C003F364FF199CEA3F7C030000000100000005000000F1061073EB7451C003F364FF199CEA3FBA03D706FA1451C035FD97A419AEE33F8B58AEA4A22851C0C4B9E8B10197EABFFB9B4510948851C0A161086900A9E3BFF1061073EB7451C003F364FF199CEA3FFE');
INSERT INTO "wrs"("id","Geometry") VALUES('004061',X'0001E6100000F610DFAA3D9C51C017AE2F7A003702C0A0DC41B9A22851C00AC57CE501A9E3BF7C0300000001000000050000004B18B2FB938851C00AC57CE501A9E3BFA0DC41B9A22851C0C14874350097EABF45D2F3684C3C51C017AE2F7A003702C0F610DFAA3D9C51C06D607CA7807B00C04B18B2FB938851C00AC57CE501A9E3BFFE');
INSERT INTO "wrs"("id","Geometry") VALUES('004062',X'0001E61000008C0CCC5FEDAF51C020C45AE51CC80DC0C7CDE5E24D3C51C0F8D7B48C7D7B00C07C030000000100000005000000F186CE563E9C51C0F8D7B48C7D7B00C0C7CDE5E24D3C51C010F41CA7F93602C0D6184CECFC4F51C020C45AE51CC80DC08C0CCC5FEDAF51C0B7671A89A00C0CC0F186CE563E9C51C0F8D7B48C7D7B00C0FE');
INSERT INTO "wrs"("id","Geometry") VALUES('004063',X'0001E6100000F662987EA7C351C0CF2617707FAC14C077C671CDFF4F51C0B16B95F0990C0CC07C030000000100000005000000F01513CDEEAF51C0B16B95F0990C0CC077C671CDFF4F51C08171D7950FC80DC014CB437FB86351C0CF2617707FAC14C0F662987EA7C351C0F1CCFF7AC4CE13C0F01513CDEEAF51C0B16B95F0990C0CC0FE');
INSERT INTO "wrs"("id","Geometry") VALUES('004064',X'0001E6100000B8D0286470D751C04A72A0C8C7741AC0DBEA32CBBC6351C0EEAFC56BBFCE13C07C030000000100000005000000AE8EFCAEA9C351C0EEAFC56BBFCE13C0DBEA32CBBC6351C021F7D28175AC14C0021F9080837751C04A72A0C8C7741AC0B8D0286470D751C046279B8E119719C0AE8EFCAEA9C351C0EEAFC56BBFCE13C0FE');
INSERT INTO "wrs"("id","Geometry") VALUES('004065',X'0001E6100000CB646B804CEB51C09ECEC4036E1E20C0C8F2A83C897751C0690519B60A9719C07C030000000100000005000000E240655A73D751C0690519B60A9719C0C8F2A83C897751C00DEE6B87BA741AC0867AC462628B51C09ECEC4036E1E20C0CB646B804CEB51C0CB1EC5102C5F1FC0E240655A73D751C0690519B60A9719C0FE');
INSERT INTO "wrs"("id","Geometry") VALUES('004066',X'0001E610000098AF3B5C40FF51C09596BF56580223C076BB3F96698B51C01E0E6266235F1FC07C030000000100000005000000EA1B384050EB51C01E0E6266235F1FC076BB3F96698B51C0973159B1651E20C0085A3DB2599F51C09596BF56580223C098AF3B5C40FF51C0ED842645849322C0EA1B384050EB51C01E0E6266235F1FC0FE');
INSERT INTO "wrs"("id","Geometry") VALUES('004067',X'0001E61000001AD48B9F501352C0169ED7161DE625C094FA3F66629F51C09E1E88017F9322C07C0300000001000000050000008EA857EA44FF51C09E1E88017F9322C094FA3F66629F51C07ECDF0474E0223C0E4B8521B6EB351C0169ED7161DE625C01AD48B9F501352C0EA5C4ABC4D7725C08EA857EA44FF51C09E1E88017F9322C0FE');
INSERT INTO "wrs"("id","Geometry") VALUES('005059',X'0001E61000000206546ACFD751C01A6F6F9231AEE33FDE8A9FA9326451C03A38B733403802407C03000000010000000500000017E52F9923C451C03A38B73340380240DE8A9FA9326451C0F890BB9FC27C004001B38E7BDE7751C01A6F6F9231AEE33F0206546ACFD751C0C6B571D4289CEA3F17E52F9923C451C03A38B73340380240FE');
INSERT INTO "wrs"("id","Geometry") VALUES('005060',X'0001E6100000EAFAEB3177EB51C060FD2C290197EABF9019DD2ADD7751C09BC0936E199CEA3F7C0300000001000000050000005AFC2395CED751C09BC0936E199CEA3F9019DD2ADD7751C06A5AEB4019AEE33F993C53C8858B51C060FD2C290197EABFEAFAEB3177EB51C06DE385FCFFA8E3BF5AFC2395CED751C09BC0936E199CEA3FFE');
INSERT INTO "wrs"("id","Geometry") VALUES('005063',X'0001E6100000842EB29F8A2652C022AF20017FAC14C0C255B3F0E2B251C0899E9151990C0CC07C030000000100000005000000886F3CEED11252C0899E9151990C0CC0C255B3F0E2B251C0468E30F80EC80DC0122983A29BC651C022AF20017FAC14C0842EB29F8A2652C05A854309C4CE13C0886F3CEED11252C0899E9151990C0CC0FE');
INSERT INTO "wrs"("id","Geometry") VALUES('005064',X'0001E6100000F0005285533A52C02AEFB538C7741AC0023172EE9FC651C0405A09FABECE13C07C0300000001000000050000004D4D16D08C2652C0405A09FABECE13C0023172EE9FC651C0845BDC1275AC14C08F9DECA366DA51C02AEFB538C7741AC0F0005285533A52C06673D6F9109719C04D4D16D08C2652C0405A09FABECE13C0FE');
INSERT INTO "wrs"("id","Geometry") VALUES('005065',X'0001E61000003D08C3A12F4E52C054E3EFAA6D1E20C0B25005606CDA51C01E2E54210A9719C07C0300000001000000050000002F5F8E7B563A52C01E2E54210A9719C0B25005606CDA51C0F81A81F7B9741AC0028E5D8645EE51C054E3EFAA6D1E20C03D08C3A12F4E52C0631E30582B5F1FC02F5F8E7B563A52C01E2E54210A9719C0FE');
INSERT INTO "wrs"("id","Geometry") VALUES('005066',X'0001E61000005143E17D236252C0482AA8EC570223C0E5A4D8B94CEE51C04FCCCCAD225F1FC07C0300000001000000050000001DA88F61334E52C04FCCCCAD225F1FC0E5A4D8B94CEE51C024008458651E20C05CE632D63C0252C0482AA8EC570223C05143E17D236252C08CF992D6839322C01DA88F61334E52C04FCCCCAD225F1FC0FE');
INSERT INTO "wrs"("id","Geometry") VALUES('005067',X'0001E610000030C29EC1337652C08F9A1D9B1CE625C03A6E358A450252C0155FF4927E9322C07C030000000100000005000000581FFD0B286252C0155FF4927E9322C03A6E358A450252C070F4D8DD4D0223C063E4C43F511652C08F9A1D9B1CE625C030C29EC1337652C085DD0F3B4D7725C0581FFD0B286252C0155FF4927E9322C0FE');
INSERT INTO "wrs"("id","Geometry") VALUES('006063',X'0001E6100000F62182BE6D8952C0CD34328A7EAC14C01373D811C61552C08DDFD2A7980C0CC07C030000000100000005000000D1BE240DB57552C08DDFD2A7980C0CC01373D811C61552C04ECD064F0EC80DC0B9349DC37E2952C0CD34328A7EAC14C0F62182BE6D8952C01707F98FC3CE13C0D1BE240DB57552C08DDFD2A7980C0CC0FE');
INSERT INTO "wrs"("id","Geometry") VALUES('006064',X'0001E6100000E55D28A4369D52C017BEA09EC6741AC0AD3E8C0F832952C04FD0BE80BECE13C07C030000000100000005000000784EE6EE6F8952C04FD0BE80BECE13C0AD3E8C0F832952C0F8C1ED9B74AC14C039D51AC5493D52C017BEA09EC6741AC0E55D28A4369D52C0F5C4565B109719C0784EE6EE6F8952C04FD0BE80BECE13C0FE');
INSERT INTO "wrs"("id","Geometry") VALUES('006065',X'0001E61000007C9ABEC012B152C0B276EE4B6D1E20C0876533814F3D52C0BB5FD482099719C07C03000000010000000500000093C4649A399D52C0BB5FD482099719C0876533814F3D52C099A06B5DB9741AC0D004BFA7285152C0B276EE4B6D1E20C07C9ABEC012B152C070CFB7932A5F1FC093C4649A399D52C0BB5FD482099719C0FE');
INSERT INTO "wrs"("id","Geometry") VALUES('006066',X'0001E610000033C2209D06C552C06D7A4F7B570223C0E2EE39DB2F5152C0964054E9215F1FC07C030000000100000005000000B3218B8016B152C0964054E9215F1FC0E2EE39DB2F5152C0BE5182F9641E20C0F5E9E6F71F6552C06D7A4F7B570223C033C2209D06C552C0C20CFC60839322C0B3218B8016B152C0964054E9215F1FC0FE');
INSERT INTO "wrs"("id","Geometry") VALUES('214064',X'0001E6100000876B48950EEA41C0D0DD2F31C9741AC0D5333669A70241C0C2D9A108C1CE13C07C0300000001000000050000009AAC494081C241C0C2D9A108C1CE13C0D5333669A70241C0C60C287576AC14C0844232BC342A41C0D0DD2F31C9741AC0876B48950EEA41C01A244DD3139719C09AAC494081C241C0C2D9A108C1CE13C0FE');
INSERT INTO "wrs"("id","Geometry") VALUES('214065',X'0001E6100000A13B57B2C61142C0248A6DFD6E1E20C00BC96434402A41C0228FD1FA0C9719C07C0300000001000000050000008DF3C18114EA41C0228FD1FA0C9719C00BC96434402A41C084FC08F0BB741AC00C70B762F25141C0248A6DFD6E1E20C0A13B57B2C61142C0B11F9C122F5F1FC08DF3C18114EA41C0228FD1FA0C9719C0FE');
INSERT INTO "wrs"("id","Geometry") VALUES('214066',X'0001E61000005DF94F48AE3942C09CFD89A0590223C07538AFC9005241C0D8514368265F1FC07C0300000001000000050000008596F131CE1142C0D8514368265F1FC07538AFC9005241C096610CAB661E20C0787489DDE07941C09CFD89A0590223C05DF94F48AE3942C0BA78452F869322C08596F131CE1142C0D8514368265F1FC0FE');
INSERT INTO "wrs"("id","Geometry") VALUES('214067',X'0001E6100000C0DCFCA6CE6142C0DF2086BB1EE625C06D799045F27941C0FF7EAEEB809322C07C030000000100000005000000F8F18864B73942C0FF7EAEEB809322C06D799045F27941C0711ECA914F0223C0C3F23C8509A241C0DF2086BB1EE625C0C0DCFCA6CE6142C0D7EA391A507725C0F8F18864B73942C0FF7EAEEB809322C0FE');
INSERT INTO "wrs"("id","Geometry") VALUES('215063',X'0001E61000003CF46135438842C0D9C1BEB580AC14C0F6041BD1F3A041C0E4416C6C9C0C0CC07C03000000010000000500000060CA4AE0D16042C0E4416C6C9C0C0CC0F6041BD1F3A041C01D400B3611C80DC02C98862465C841C0D9C1BEB580AC14C03CF46135438842C0C61C0E5FC6CE13C060CA4AE0D16042C0E4416C6C9C0C0CC0FE');
INSERT INTO "wrs"("id","Geometry") VALUES('215064',X'0001E61000002189C6ECD4AF42C04CEB5C98C9741AC0F08365BC6DC841C05B70D74FC1CE13C07C03000000010000000500000082C82A96478842C05B70D74FC1CE13C0F08365BC6DC841C0DA0182C776AC14C069BC1611FBEF41C04CEB5C98C9741AC02189C6ECD4AF42C01D0B292D149719C082C82A96478842C05B70D74FC1CE13C0FE');
INSERT INTO "wrs"("id","Geometry") VALUES('215065',X'0001E6100000388AB70B8DD742C0028FEC3A6F1E20C0EF6C498906F041C0460FAD540D9719C07C030000000100000005000000902440D9DAAF42C0460FAD540D9719C0EF6C498906F041C098393557BC741AC0A40396B9B81742C0028FEC3A6F1E20C0388AB70B8DD742C00D931D7E2F5F1FC0902440D9DAAF42C0460FAD540D9719C0FE');
INSERT INTO "wrs"("id","Geometry") VALUES('215066',X'0001E61000006FC9D8A374FF42C038106EE7590223C001FF8D20C71742C02F2DC4D3265F1FC07C030000000100000005000000C2C5518B94D742C02F2DC4D3265F1FC001FF8D20C71742C0D1CE8AE8661E20C087D8A836A73F42C038106EE7590223C06FC9D8A374FF42C0854E566D869322C0C2C5518B94D742C02F2DC4D3265F1FC0FE');
INSERT INTO "wrs"("id","Geometry") VALUES('215067',X'0001E610000033C4F604952743C03124490B1FE625C0E34FB09EB83F42C03AEBBE29819322C07C030000000100000005000000901412C07DFF42C03AEBBE29819322C0E34FB09EB83F42C0B660ADD84F0223C07391E5E0CF6742C03124490B1FE625C033C4F604952743C02EC21560507725C0901412C07DFF42C03AEBBE29819322C0FE');
INSERT INTO "wrs"("id","Geometry") VALUES('215068',X'0001E610000027BC02CAF74F43C09321A1D7B8C928C046C65060E46742C0DB9058274A7725C07C030000000100000005000000910E75C99F2743C0DB9058274A7725C046C65060E46742C03F6D423313E625C08411EA5D3C9042C09321A1D7B8C928C027BC02CAF74F43C028599ECEEF5A28C0910E75C99F2743C0DB9058274A7725C0FE');
INSERT INTO "wrs"("id","Geometry") VALUES('215069',X'0001E6100000ED3AE6E6A67843C07CB12A7321AD2BC08F42560F549042C0DBC5AD98E85A28C07C0300000001000000050000005DBFB444045043C0DBC5AD98E85A28C08F42560F549042C0CCAAF326ABC928C0ABB14BAEF6B842C07CB12A7321AD2BC0ED3AE6E6A67843C0BF29F6E65E3E2BC05DBFB444045043C0DBC5AD98E85A28C0FE');
INSERT INTO "wrs"("id","Geometry") VALUES('215070',X'0001E6100000E07151B7ACA143C09698D1F752902EC0D3FBE8B011B942C0688C5DAA563E2BC07C030000000100000005000000BDC72A28B57843C0688C5DAA563E2BC0D3FBE8B011B942C0D2B2D1D711AD2BC0A53D8A3C09E242C09698D1F752902EC0E07151B7ACA143C040809BCB97212EC0BDC72A28B57843C0688C5DAA563E2BC0FE');
INSERT INTO "wrs"("id","Geometry") VALUES('215071',X'0001E6100000A7CCBA0E14CB43C03695FEB7A3B930C0596175B427E242C0C2E7617D8E212EC07C030000000100000005000000AB4126D2BCA143C0C2E7617D8E212EC0596175B427E242C0D0F7EE5C41902EC0856338ED7E0B43C03695FEB7A3B930C0A7CCBA0E14CB43C01F066D484A8230C0AB4126D2BCA143C0C2E7617D8E212EC0FE');
INSERT INTO "wrs"("id","Geometry") VALUES('215072',X'0001E6100000E069C249E8F443C08540A869FC2A32C08737E403A10B43C0E2CC3012458230C07C0300000001000000050000000D8FF41826CB43C0E2CC3012458230C08737E403A10B43C0BC1ACFDE99B930C089619130633543C08540A869FC2A32C0E069C249E8F443C01ADCD59CA7F331C00D8FF41826CB43C0E2CC3012458230C0FE');
INSERT INTO "wrs"("id","Geometry") VALUES('215073',X'0001E61000004EC53561351F44C046627281309C33C02BAB4115893543C05B3347D0A1F331C07C03000000010000000500000079A04D5CFCF443C05B3347D0A1F331C02BAB4115893543C0B7741277F12A32C0B88EB715C25F43C046627281309C33C04EC53561351F44C02B350ADAE06433C079A04D5CFCF443C05B3347D0A1F331C0FE');
INSERT INTO "wrs"("id","Geometry") VALUES('215074',X'0001E6100000E4FAFCFE074A44C00C016EE23C0D35C0ECF811FEEB5F43C0AED5FA6EDA6433C07C030000000100000005000000486F63984B1F44C0AED5FA6EDA6433C0ECF811FEEB5F43C0CCEFF665249C33C0A6ACE35FA88A43C00C016EE23C0D35C0E4FAFCFE074A44C0C9BF6DEAF2D534C0486F63984B1F44C0AED5FA6EDA6433C0FE');
INSERT INTO "wrs"("id","Geometry") VALUES('216063',X'0001E6100000C0E3E08D094E43C0B0E9CFFF80AC14C01B67D225BA6642C0490E45C89C0C0CC07C0300000001000000050000000C437F37982643C0490E45C89C0C0CC01B67D225BA6642C0E9FD33A311C80DC012E8A07A2B8E42C0B0E9CFFF80AC14C0C0E3E08D094E43C0616D469EC6CE13C00C437F37982643C0490E45C89C0C0CC0FE');
INSERT INTO "wrs"("id","Geometry") VALUES('216064',X'0001E61000008C35D4469B7543C01F23EEF4C9741AC0E8278012348E42C06E830F8FC1CE13C07C03000000010000000500000022FCA9EE0D4E43C06E830F8FC1CE13C0E8278012348E42C0BFA9921177AC14C0FB96D868C1B542C01F23EEF4C9741AC08C35D4469B7543C09E6AB17C149719C022FCA9EE0D4E43C06E830F8FC1CE13C0FE');
INSERT INTO "wrs"("id","Geometry") VALUES('216065',X'0001E610000039569967539D43C0F897F4716F1E20C0E16C0BE1CCB542C0310A35A40D9719C07C030000000100000005000000F8184E33A17543C0310A35A40D9719C0E16C0BE1CCB542C03CA5C5B3BC741AC0DA8444137FDD42C0F897F4716F1E20C039569967539D43C0B1FDF5DC2F5F1FC0F8184E33A17543C0310A35A40D9719C0FE');
INSERT INTO "wrs"("id","Geometry") VALUES('216066',X'0001E610000037ABD5013BC543C06B82B2265A0223C052AD3C7A8DDD42C090029C32275F1FC07C0300000001000000050000004DDD33E75A9D43C090029C32275F1FC052AD3C7A8DDD42C0A642921F671E20C0D6C28A926D0543C06B82B2265A0223C037ABD5013BC543C0725BE8A3869322C04DDD33E75A9D43C090029C32275F1FC0FE');
INSERT INTO "wrs"("id","Geometry") VALUES('216067',X'0001E6100000EFDD56655BED43C0F78944521FE625C0806E92FA7E0543C036905060819322C07C030000000100000005000000290E0F1E44C543C036905060819322C0806E92FA7E0543C07205F117500223C0A619433F962D43C0F78944521FE625C0EFDD56655BED43C0E343499D507725C0290E0F1E44C543C036905060819322C0FE');
INSERT INTO "wrs"("id","Geometry") VALUES('216068',X'0001E6100000D72F102DBE1544C06089CB25B9C928C074C0AEBEAA2D43C00C888B644A7725C07C030000000100000005000000170CD52966ED43C00C888B644A7725C074C0AEBEAA2D43C075C33C7A13E625C017FB0DBF025643C06089CB25B9C928C0D72F102DBE1544C045ACEC11F05A28C0170CD52966ED43C00C888B644A7725C0FE');
INSERT INTO "wrs"("id","Geometry") VALUES('216069',X'0001E61000009442ED4C6D3E44C08EA0F9C721AD2BC0506D7A701A5643C06066FBDBE85A28C07C0300000001000000050000007250C2A7CA1544C06066FBDBE85A28C0506D7A701A5643C0A2B61C75ABC928C0D0398212BD7E43C08EA0F9C721AD2BC09442ED4C6D3E44C0605FD62F5F3E2BC07250C2A7CA1544C06066FBDBE85A28C0FE');
INSERT INTO "wrs"("id","Geometry") VALUES('216070',X'0001E6100000FC65A020736744C0FBFDB75253902EC0D0CA1F15D87E43C082E13CF3563E2BC07C03000000010000000500000016EF318E7B3E44C082E13CF3563E2BC0D0CA1F15D87E43C082EE9E2C12AD2BC00D4922A4CFA743C0FBFDB75253902EC0FC65A020736744C0244F821998212EC016EF318E7B3E44C082E13CF3563E2BC0FE');
INSERT INTO "wrs"("id","Geometry") VALUES('216071',X'0001E61000004548A37BDA9044C0DCA635E8A3B930C0B1B80D1CEEA743C0ECA147CB8E212EC07C0300000001000000050000006B8E753B836744C0ECA147CB8E212EC0B1B80D1CEEA743C0B746D3B741902EC0518B835845D143C0DCA635E8A3B930C04548A37BDA9044C0E2DF9C714A8230C06B8E753B836744C0ECA147CB8E212EC0FE');
INSERT INTO "wrs"("id","Geometry") VALUES('216072',X'0001E61000009D4B98BAAEBA44C056F7599CFC2A32C0C6AF2F6F67D143C0D4FE5F3B458230C07C030000000100000005000000EE2DDD85EC9044C0D4FE5F3B458230C0C6AF2F6F67D143C041E9040F9AB930C03144E49F29FB43C056F7599CFC2A32C09D4B98BAAEBA44C00F0EFAC7A7F331C0EE2DDD85EC9044C0D4FE5F3B458230C0FE');
INSERT INTO "wrs"("id","Geometry") VALUES('216073',X'0001E61000007B6650D6FBE444C0A41A54B6309C33C023E294844FFB43C06C9C6AFBA1F331C07C030000000100000005000000A8A623CDC2BA44C06C9C6AFBA1F331C023E294844FFB43C0BAA9C2A9F12A32C0131D6A89882544C0A41A54B6309C33C07B6650D6FBE444C0345AD906E16433C0A8A623CDC2BA44C06C9C6AFBA1F331C0FE');
INSERT INTO "wrs"("id","Geometry") VALUES('216074',X'0001E6100000B048B778CE0F45C050A033193D0D35C0C0DEC471B22544C0CF0CC99BDA6433C07C030000000100000005000000A8357E0D12E544C0CF0CC99BDA6433C0C0DEC471B22544C049E0D69A249C33C06B8E51D86E5044C050A033193D0D35C0B048B778CE0F45C055199D18F3D534C0A8357E0D12E544C0CF0CC99BDA6433C0FE');
INSERT INTO "wrs"("id","Geometry") VALUES('216075',X'0001E6100000E174F513343B45C0B402F7971E7E36C0848705019D5044C0769AC805ECD534C07C030000000100000005000000C88395F4E60F45C0769AC805ECD534C0848705019D5044C0C08848C32F0D35C08DDE601BEA7B44C0B402F7971E7E36C0E174F513343B45C0EF6D88D8DA4636C0C88395F4E60F45C0769AC805ECD534C0FE');
INSERT INTO "wrs"("id","Geometry") VALUES('216076',X'0001E6100000E12B29FC3A6745C0121C86F2D1EE37C0AB1FE9C81C7C44C025047B13D34636C07C030000000100000005000000BF35B7F84E3B45C025047B13D34636C0AB1FE9C81C7C44C05C69D4F30F7E36C0C263FAC608A844C0121C86F2D1EE37C0E12B29FC3A6745C0A0EFD90F95B737C0BF35B7F84E3B45C025047B13D34636C0FE');
INSERT INTO "wrs"("id","Geometry") VALUES('217062',X'0001E6100000FB8B82B65BEC43C00406D8531FC80DC088F05EB01C0543C0B4FE104D7F7B00C07C03000000010000000500000017E0BCAAFDC443C0B4FE104D7F7B00C088F05EB01C0543C0061C6906FB3602C02B9FE8BA7A2C43C00406D8531FC80DC0FB8B82B65BEC43C0843B40B1A30C0CC017E0BCAAFDC443C0B4FE104D7F7B00C0FE');
INSERT INTO "wrs"("id","Geometry") VALUES('217063',X'0001E61000003A37AEE8CF1344C041F7894181AC14C08E4B347D802C43C04ECDBD189D0C0CC07C0300000001000000050000002EF810915EEC43C04ECDBD189D0C0CC08E4B347D802C43C0E3B05A0412C80DC09B5F57D3F15343C041F7894181AC14C03A37AEE8CF1344C0057275D5C6CE13C02EF810915EEC43C04ECDBD189D0C0CC0FE');
INSERT INTO "wrs"("id","Geometry") VALUES('217064',X'0001E61000003DAB21A3613B44C07549D246CA741AC00DB9366BFA5343C05B4C3EC6C1CE13C07C030000000100000005000000FB5A7749D41344C05B4C3EC6C1CE13C00DB9366BFA5343C0C93A4C5377AC14C08AE227C3877B43C07549D246CA741AC03DAB21A3613B44C07A72D7C1149719C0FB5A7749D41344C05B4C3EC6C1CE13C0FE');
INSERT INTO "wrs"("id","Geometry") VALUES('217065',X'0001E61000003A85ACC5196344C007667BA26F1E20C026D95A3B937B43C0CEAF5AE90D9719C07C030000000100000005000000409D9B8F673B44C0CEAF5AE90D9719C026D95A3B937B43C0C903A905BD741AC011A6726F45A343C007667BA26F1E20C03A85ACC5196344C0BEB5132F305F1FC0409D9B8F673B44C0CEAF5AE90D9719C0FE');
INSERT INTO "wrs"("id","Geometry") VALUES('217066',X'0001E6100000A57CF561018B44C0888C4B5E5A0223C0C2F56AD653A343C03C28B984275F1FC07C030000000100000005000000CE1D4745216344C03C28B984275F1FC0C2F56AD653A343C03A7E1850671E20C05A7BDEF033CB43C0888C4B5E5A0223C0A57CF561018B44C0EF75F1D2869322C0CE1D4745216344C03C28B984275F1FC0FE');
INSERT INTO "wrs"("id","Geometry") VALUES('217067',X'0001E61000003D8BCBC721B344C0021B6B901FE625C0351DE65845CB43C07044598F819322C07C030000000100000005000000A7F32E7E0A8B44C07044598F819322C0351DE65845CB43C02C45894F500223C0A20405A05CF343C0021B6B901FE625C03D8BCBC721B344C05509C9D1507725C0A7F32E7E0A8B44C07044598F819322C0FE');
INSERT INTO "wrs"("id","Geometry") VALUES('217068',X'0001E61000004D68249284DB44C025AAF869B9C928C0FADD701F71F343C0EAC40A994A7725C07C030000000100000005000000A8064A8C2CB344C0EAC40A994A7725C0FADD701F71F343C0654862B813E625C07F4F8822C91B44C025AAF869B9C928C04D68249284DB44C09A855D4BF05A28C0A8064A8C2CB344C0EAC40A994A7725C0FE');
INSERT INTO "wrs"("id","Geometry") VALUES('217069',X'0001E61000006C11EDB4330445C06B0CA41122AD2BC00DF9F4D3E01B44C0448F6B15E95A28C07C03000000010000000500000016A1D60C91DB44C0448F6B15E95A28C00DF9F4D3E01B44C0367F48B9ABC928C008F50179834444C06B0CA41122AD2BC06C11EDB4330445C006A4B06D5F3E2BC016A1D60C91DB44C0448F6B15E95A28C0FE');
INSERT INTO "wrs"("id","Geometry") VALUES('217070',X'0001E6100000AC57DA8B392D45C0C81354A153902EC08DC19F7B9E4444C0FF471631573E2BC07C030000000100000005000000A3D731F6410445C0FF471631573E2BC08DC19F7B9E4444C021AB477612AD2BC07A23F60D966D44C0C81354A153902EC0AC57DA8B392D45C0B7363C5B98212EC0A3D731F6410445C0FF471631573E2BC0FE');
INSERT INTO "wrs"("id","Geometry") VALUES('217071',X'0001E6100000187B68EAA05645C02F7FB511A4B930C030D2E185B46D44C05F77000D8F212EC07C030000000100000005000000F49AAFA6492D45C05F77000D8F212EC030D2E185B46D44C0734A6D0642902EC0251DFDC50B9744C02F7FB511A4B930C0187B68EAA05645C068A823944A8230C0F49AAFA6492D45C05F77000D8F212EC0FE');
INSERT INTO "wrs"("id","Geometry") VALUES('217072',X'0001E610000097BA3C2D758045C04D54C3C7FC2A32C0904CA9DC2D9744C0EA20E65D458230C07C0300000001000000050000004E7CA2F4B25645C0EA20E65D458230C0904CA9DC2D9744C0DE8083389AB930C04F1A5811F0C044C04D54C3C7FC2A32C097BA3C2D758045C0AC8BE3EBA7F331C04E7CA2F4B25645C0EA20E65D458230C0FE');
INSERT INTO "wrs"("id","Geometry") VALUES('217073',X'0001E61000006A412B4DC2AA45C0B0665DE3309C33C048FC08F615C144C0A452531FA2F331C07C0300000001000000050000006E31C83F898045C0A452531FA2F331C048FC08F615C144C072872AD5F12A32C0A0DD2FFF4EEB44C0B0665DE3309C33C06A412B4DC2AA45C0B33EDD2BE16433C06E31C83F898045C0A452531FA2F331C0FE');
INSERT INTO "wrs"("id","Geometry") VALUES('217074',X'0001E6100000164623F494D545C07AEA91473D0D35C0881B8BE778EB44C00605CCC0DA6433C07C030000000100000005000000202C5984D8AA45C00605CCC0DA6433C0881B8BE778EB44C02C67DEC7249C33C08E26C552351645C07AEA91473D0D35C0164623F494D545C08DD9713EF3D534C0202C5984D8AA45C00605CCC0DA6433C0FE');
INSERT INTO "wrs"("id","Geometry") VALUES('217075',X'0001E6100000F7345194FA0046C049EE5DC71E7E36C03065797B631645C03A459C2BECD534C07C030000000100000005000000DB9B0170ADD545C03A459C2BECD534C03065797B631645C0C2BFA4F12F0D35C0A09EE19AB04145C049EE5DC71E7E36C0F7345194FA0046C08431E3FEDA4636C0DB9B0170ADD545C03A459C2BECD534C0FE');
INSERT INTO "wrs"("id","Geometry") VALUES('217076',X'0001E610000069A2D781012D46C073CDA722D2EE37C072ED6948E34145C06A84D439D34636C07C030000000100000005000000F40E1379150146C06A84D439D34636C072ED6948E34145C006EB3823107E36C0D744EC4BCF6D45C073CDA722D2EE37C069A2D781012D46C0E97D6E3695B737C0F40E1379150146C06A84D439D34636C0FE');
INSERT INTO "wrs"("id","Geometry") VALUES('218062',X'0001E61000006020211222B244C01515EBA81FC80DC0A7741909E3CA43C0DB3BFE767F7B00C07C030000000100000005000000C1B37205C48A44C0DB3BFE767F7B00C0A7741909E3CA43C04F08F13BFB3602C05004A51441F243C01515EBA81FC80DC06020211222B244C0A92A4AF6A30C0CC0C1B37205C48A44C0DB3BFE767F7B00C0FE');
INSERT INTO "wrs"("id","Geometry") VALUES('218063',X'0001E6100000EE60794596D944C05DACE07A81AC14C042F7F0D646F243C0E681C75D9D0C0CC07C0300000001000000050000003193AFEC24B244C0E681C75D9D0C0CC042F7F0D646F243C0B83F6D5912C80DC090D1592EB81944C05DACE07A81AC14C0EE60794596D944C0B7E39004C7CE13C03193AFEC24B244C0E681C75D9D0C0CC0FE');
INSERT INTO "wrs"("id","Geometry") VALUES('218064',X'0001E610000053175E01280145C0C91DFA8DCA741AC0214139C6C01944C0308459F5C1CE13C07C030000000100000005000000455742A69AD944C0308459F5C1CE13C0214139C6C01944C0E276A28C77AC14C0B8CDB41F4E4144C0C91DFA8DCA741AC053175E01280145C01D428EFC149719C0455742A69AD944C0308459F5C1CE13C0FE');
INSERT INTO "wrs"("id","Geometry") VALUES('218065',X'0001E610000080F19F25E02845C0A6EF77CC6F1E20C05CE0E797594144C09F1F11240E9719C07C0300000001000000050000008CDED7ED2D0145C09F1F11240E9719C05CE0E797594144C0D814D04CBD741AC000D1CFCD0B6944C0A6EF77CC6F1E20C080F19F25E02845C097706774305F1FC08CDED7ED2D0145C09F1F11240E9719C0FE');
INSERT INTO "wrs"("id","Geometry") VALUES('218066',X'0001E610000050EEE6C3C75045C00FD42E8E5A0223C00242C8341A6944C0AD530CCA275F1FC07C0300000001000000050000007B983AA5E72845C0AD530CCA275F1FC00242C8341A6944C01A78147A671E20C000075351FA9044C00FD42E8E5A0223C050EEE6C3C75045C0CBDB68FA869322C07B983AA5E72845C0AD530CCA275F1FC0FE');
INSERT INTO "wrs"("id","Geometry") VALUES('218067',X'0001E61000006A85032CE87845C09343B1C51FE625C0DACE5AB90B9144C0C845D0B6819322C07C0300000001000000050000009E7520E0D05045C0C845D0B6819322C0DACE5AB90B9144C07AC56B7F500223C05EA2D90223B944C09343B1C51FE625C06A85032CE87845C0CA4C8BFD507725C09E7520E0D05045C0C845D0B6819322C0FE');
INSERT INTO "wrs"("id","Geometry") VALUES('218068',X'0001E6100000EC30EDF84AA145C09FD11BA4B9C928C0C76E458237B944C0CA81CCC44A7725C07C030000000100000005000000A91282F0F27845C0CA81CCC44A7725C0C76E458237B944C07668A7ED13E625C0438A07888FE144C09FD11BA4B9C928C0EC30EDF84AA145C09633E67AF05A28C0A91282F0F27845C0CA81CCC44A7725C0FE');
INSERT INTO "wrs"("id","Geometry") VALUES('218069',X'0001E6100000AEAE921EFAC945C04D3D1C5022AD2BC042617439A7E144C0148FF344E95A28C07C030000000100000005000000AC7C9F7357A145C0148FF344E95A28C042617439A7E144C090526AF3ABC928C0CE6278E1490A45C04D3D1C5022AD2BC0AEAE921EFAC945C09A7379A05F3E2BC0AC7C9F7357A145C0148FF344E95A28C0FE');
INSERT INTO "wrs"("id","Geometry") VALUES('218070',X'0001E610000009B3ABF8FFF245C0923697E353902EC0805F16E4640A45C0F23BDE63573E2BC07C03000000010000000500000092BFD75F08CA45C0F23BDE63573E2BC0805F16E4640A45C04231BEB412AD2BC0F677B2795C3345C0923697E353902EC009B3ABF8FFF245C02FFABC9098212EC092BFD75F08CA45C0F23BDE63573E2BC0FE');
INSERT INTO "wrs"("id","Geometry") VALUES('218071',X'0001E61000006F5EB65A671C46C0F2637634A4B930C0D08F9EF17A3345C07E2B80428F212EC07C030000000100000005000000520A811310F345C07E2B80428F212EC0D08F9EF17A3345C01B60AE4842902EC0EA4D5135D25C45C0F2637634A4B930C06F5EB65A671C46C0EEF1FAAF4A8230C0520A811310F345C07E2B80428F212EC0FE');
INSERT INTO "wrs"("id","Geometry") VALUES('218072',X'0001E6100000B0C25AA13B4646C06B42DCEBFC2A32C0AFB0FD4BF45C45C08DC5BC79458230C07C0300000001000000050000007E73F064791C46C08DC5BC79458230C0AFB0FD4BF45C45C08927435B9AB930C0BC609884B68645C06B42DCEBFC2A32C0B0C25AA13B4646C034A58B08A8F331C07E73F064791C46C08DC5BC79458230C0FE');
INSERT INTO "wrs"("id","Geometry") VALUES('218073',X'0001E610000097CE70C5887046C0D8E38508319C33C067764969DC8645C06EA6FA3BA2F331C07C030000000100000005000000A983E6B34F4646C06EA6FA3BA2F331C067764969DC8645C029F941F9F12A32C05CEBB37615B145C0D8E38508319C33C097CE70C5887046C049FE0E49E16433C0A983E6B34F4646C06EA6FA3BA2F331C0FE');
INSERT INTO "wrs"("id","Geometry") VALUES('218074',X'0001E61000000B5AEA705B9B46C04C3D806D3D0D35C0475C0F5F3FB145C01DDAFCDDDA6433C07C03000000010000000500000031949EFC9E7046C01DDAFCDDDA6433C0475C0F5F3FB145C0322205ED249C33C0FB41E8CEFBDB45C04C3D806D3D0D35C00B5AEA705B9B46C02FF5E45BF3D534C031949EFC9E7046C01DDAFCDDDA6433C0FE');
INSERT INTO "wrs"("id","Geometry") VALUES('218075',X'0001E6100000BC86F815C1C646C0E40DC7ED1E7E36C0DB7A9CF729DC45C0544D0E49ECD534C07C030000000100000005000000B4BFC8EC739B46C0544D0E49ECD534C0DB7A9CF729DC45C0B5029117300D35C0CE06031C770746C0E40DC7ED1E7E36C0BC86F815C1C646C03D2E4E1CDB4636C0B4BFC8EC739B46C0544D0E49ECD534C0FE');
INSERT INTO "wrs"("id","Geometry") VALUES('218076',X'0001E61000005A85C108C8F246C0E04D3F49D2EE37C0C5838BC9A90746C0ED3F3E57D34636C07C030000000100000005000000E06DBAFADBC646C0ED3F3E57D34636C0C5838BC9A90746C034A49F49107E36C0899C6FD2953346C0E04D3F49D2EE37C05A85C108C8F246C0929C865395B737C0E06DBAFADBC646C0ED3F3E57D34636C0FE');
INSERT INTO "wrs"("id","Geometry") VALUES('218077',X'0001E6100000F223189C7F1F47C07E623929545F39C0A7C4F551CD3346C0EAE171D08CB737C07C030000000100000005000000C690367FE5F246C0EAE171D08CB737C0A7C4F551CD3346C03C259540C2EE37C011365669676046C07E623929545F39C0F223189C7F1F47C021755EB51E2839C0C690367FE5F246C0EAE171D08CB737C0FE');
INSERT INTO "wrs"("id","Geometry") VALUES('219062',X'0001E6100000362F7C6FE87745C0B222DAF11FC80DC061DCED63A99044C084942C9A7F7B00C07C0300000001000000050000006E7DF4618A5045C084942C9A7F7B00C061DCED63A99044C081000D6AFB3602C00B436C7007B844C0B222DAF11FC80DC0362F7C6FE87745C04133D82FA40C0CC06E7DF4618A5045C084942C9A7F7B00C0FE');
INSERT INTO "wrs"("id","Geometry") VALUES('219063',X'0001E6100000EDB8F1A35C9F45C0545BC9AB81AC14C03843B8320DB844C07A5255979D0C0CC07C0300000001000000050000007CA70A4AEB7745C07A5255979D0C0CC03843B8320DB844C013D25BA212C80DC0B1DD578B7EDF44C0545BC9AB81AC14C0EDB8F1A35C9F45C08FFD8F2BC7CE13C07CA70A4AEB7745C07A5255979D0C0CC0FE');
INSERT INTO "wrs"("id","Geometry") VALUES('219064',X'0001E6100000C68A3861EEC645C0DF5F58CACA741AC0EA28372387DF44C00A66581CC2CE13C07C0300000001000000050000000BB7BA04619F45C00A66581CC2CE13C0EA28372387DF44C075B08ABD77AC14C0217A2E7E140745C0DF5F58CACA741AC0C68A3861EEC645C037EBCA2C159719C00BB7BA04619F45C00A66581CC2CE13C0FE');
INSERT INTO "wrs"("id","Geometry") VALUES('219065',X'0001E610000092582287A6EE45C04963E2EF6F1E20C01AA461F61F0745C0696B4D540E9719C07C030000000100000005000000BA5BB24DF4C645C0696B4D540E9719C01AA461F61F0745C058982D89BD741AC053090B2ED22E45C04963E2EF6F1E20C092582287A6EE45C0EE45E4AC305F1FC0BA5BB24DF4C645C0696B4D540E9719C0FE');
INSERT INTO "wrs"("id","Geometry") VALUES('219066',X'0001E6100000A95D58278E1646C02A6E53B65A0223C0BA950395E02E45C0AA9C8802285F1FC07C030000000100000005000000DE0ABD06AEEE45C0AA9C8802285F1FC0BA950395E02E45C0D45E7E9D671E20C0BA0697B3C05645C02A6E53B65A0223C0A95D58278E1646C0DD33471A879322C0DE0ABD06AEEE45C0AA9C8802285F1FC0FE');
INSERT INTO "wrs"("id","Geometry") VALUES('219067',X'0001E6100000BD89AC91AE3E46C0E9180DF21FE625C060ED9E1BD25645C0273BAED6819322C07C03000000010000000500000082BA9143971646C0273BAED6819322C060ED9E1BD25645C0B49B8FA7500223C0E52B6F67E97E45C0E9180DF21FE625C0BD89AC91AE3E46C09DE88720517725C082BA9143971646C0273BAED6819322C0FE');
INSERT INTO "wrs"("id","Geometry") VALUES('219068',X'0001E61000005F011861116746C0012D2AD4B9C928C0D019DBE6FD7E45C02999C8E74A7725C07C03000000010000000500000051242B56B93E46C02999C8E74A7725C0D019DBE6FD7E45C01C39021A14E625C0822B39EF55A745C0012D2AD4B9C928C05F011861116746C08ADC7DA0F05A28C051242B56B93E46C02999C8E74A7725C0FE');
INSERT INTO "wrs"("id","Geometry") VALUES('219069',X'0001E610000021768B89C08F46C0C291568322AD2BC00726A6A06DA745C0448C8A6AE95A28C07C030000000100000005000000D75ACADB1D6746C0448C8A6AE95A28C00726A6A06DA745C0155E7723ACC928C008AB924B10D045C0C291568322AD2BC021768B89C08F46C0705927C85F3E2BC0D75ACADB1D6746C0448C8A6AE95A28C0FE');
INSERT INTO "wrs"("id","Geometry") VALUES('219070',X'0001E610000005CEC066C6B846C00B10751954902EC07FCC304E2BD045C0CD488B8B573E2BC07C030000000100000005000000B85DD0CACE8F46C0CD488B8B573E2BC07FCC304E2BD045C0ABDFF6E712AD2BC0153F04E722F945C00B10751954902EC005CEC066C6B846C034A3FAB998212EC0B85DD0CACE8F46C0CD488B8B573E2BC0FE');
INSERT INTO "wrs"("id","Geometry") VALUES('219071',X'0001E6100000F96B38CC2DE246C092DC7150A4B930C0237CF05E41F945C01DC8BC6B8F212EC07C03000000010000000500000077329681D6B846C01DC8BC6B8F212EC0237CF05E41F945C0A1318A7E42902EC038C52BA6982246C092DC7150A4B930C0F96B38CC2DE246C0658D1DC54A8230C077329681D6B846C01DC8BC6B8F212EC0FE');
INSERT INTO "wrs"("id","Geometry") VALUES('219072',X'0001E6100000C5C69D16020C47C01E099E08FD2A32C0B883D8BCBA2246C0C2BDDE8E458230C07C0300000001000000050000001EC472D63FE246C0C2BDDE8E458230C0B883D8BCBA2246C0E7643D779AB930C00E0650F97C4C46C01E099E08FD2A32C0C5C69D16020C47C06904ED1DA8F331C01EC472D63FE246C0C2BDDE8E458230C0FE');
INSERT INTO "wrs"("id","Geometry") VALUES('219073',X'0001E6100000B93ECB3E4F3647C0DBA6C625319C33C0FD7501DEA24C46C0B4415B51A2F331C07C0300000001000000050000003B5B2929160C47C0B4415B51A2F331C0FD7501DEA24C46C087460216F22A32C02068A0EFDB7646C0DBA6C625319C33C0B93ECB3E4F3647C03229695EE16433C03B5B2929160C47C0B4415B51A2F331C0FE');
INSERT INTO "wrs"("id","Geometry") VALUES('219074',X'0001E6100000784DB6EE216147C0C188F78A3D0D35C0CEC2FBD7057746C07A1C56F3DA6433C07C0300000001000000050000007A0CF975653647C07A1C56F3DA6433C0CEC2FBD7057746C07726440A259C33C07325644CC2A146C0C188F78A3D0D35C0784DB6EE216147C048F0F070F3D534C07A0CF975653647C07A1C56F3DA6433C0FE');
INSERT INTO "wrs"("id","Geometry") VALUES('219075',X'0001E610000069DD9398878C47C0A33A2B0B1F7E36C030B21875F0A146C00E37195EECD534C07C0300000001000000050000003EB8946A3A6147C00E37195EECD534C030B21875F0A146C0F1410635300D35C0A9A56D9E3DCD46C0A33A2B0B1F7E36C069DD9398878C47C0BCE9C330DB4636C03EB8946A3A6147C00E37195EECD534C0FE');
INSERT INTO "wrs"("id","Geometry") VALUES('219076',X'0001E6100000294D8E908EB847C08D6D4566D2EE37C02E3AF64B70CD46C08BBCB26BD34636C07C030000000100000005000000C0C5557DA28C47C08BBCB26BD34636C02E3AF64B70CD46C0706E0167107E36C00CBD2B5A5CF946C08D6D4566D2EE37C0294D8E908EB847C0B5E01C6795B737C0C0C5557DA28C47C08BBCB26BD34636C0FE');
INSERT INTO "wrs"("id","Geometry") VALUES('219077',X'0001E6100000C6097D2946E547C0ED289545545F39C0AF2CB2D993F946C08CB406E48CB737C07C030000000100000005000000DC540307ACB847C08CB406E48CB737C0AF2CB2D993F946C08282985DC2EE37C05B3FCCF62D2647C0ED289545545F39C0C6097D2946E547C091CBCAC71E2839C0DC540307ACB847C08CB406E48CB737C0FE');
INSERT INTO "wrs"("id","Geometry") VALUES('220062',X'0001E6100000E3F442CEAE3D46C07E9B972E20C80DC09FE48BC06F5645C0307C95B67F7B00C07C030000000100000005000000F5A5F1BF501646C0307C95B67F7B00C09FE48BC06F5645C0DE6FB490FB3602C0A2AFEDCDCD7D45C07E9B972E20C80DC0E3F442CEAE3D46C0419EDF5DA40C0CC0F5A5F1BF501646C0307C95B67F7B00C0FE');
INSERT INTO "wrs"("id","Geometry") VALUES('220063',X'0001E6100000EA43C603236546C051E93AD481AC14C0B3BA3990D37D45C005885CC59D0C0CC07C0300000001000000050000007171D1A8B13D46C005885CC59D0C0CC0B3BA3990D37D45C0B0D418DF12C80DC033D200EA44A545C051E93AD481AC14C0EA43C603236546C0D07C6B4AC7CE13C07171D1A8B13D46C005885CC59D0C0CC0FE');
INSERT INTO "wrs"("id","Geometry") VALUES('220064',X'0001E6100000BEC65FC2B48C46C092D2E1FBCA741AC0812CE0814DA545C040AF333BC2CE13C07C03000000010000000500000003488F64276546C040AF333BC2CE13C0812CE0814DA545C0BDCCFBE577AC14C002ED43DEDACC45C092D2E1FBCA741AC0BEC65FC2B48C46C091728452159719C003488F64276546C040AF333BC2CE13C0FE');
INSERT INTO "wrs"("id","Geometry") VALUES('220065',X'0001E6100000B72BE2E96CB446C0E128B40C701E20C099297756E6CC45C0FC97067A0E9719C07C030000000100000005000000FC9ED9AEBA8C46C0FC97067A0E9719C099297756E6CC45C03B51B6BABD741AC0FDFED28F98F445C0E128B40C701E20C0B72BE2E96CB446C01FB17FD8305F1FC0FC9ED9AEBA8C46C0FC97067A0E9719C0FE');
INSERT INTO "wrs"("id","Geometry") VALUES('220066',X'0001E610000037AAF78B54DC46C06BE1B1D65A0223C0D7A0CBF6A6F445C0B57E232E285F1FC07C0300000001000000050000003BE67C6974B446C0B57E232E285F1FC0D7A0CBF6A6F445C0789A4FBA671E20C07BC85817871C46C06BE1B1D65A0223C037AAF78B54DC46C0208F8632879322C03BE67C6974B446C0B57E232E285F1FC0FE');
INSERT INTO "wrs"("id","Geometry") VALUES('220067',X'0001E6100000B93B74F8740447C0C658761520E625C0B1C6607F981C46C09F35EDEE819322C07C030000000100000005000000C44631A85DDC46C09F35EDEE819322C0B1C6607F981C46C0924EEDC7500223C0958373CDAF4446C0C658761520E625C0B93B74F8740447C09158B83A517725C0C44631A85DDC46C09F35EDEE819322C0FE');
INSERT INTO "wrs"("id","Geometry") VALUES('220068',X'0001E6100000430852CAD72C47C0B3C91AFAB9C928C0748ADF4CC44446C0D786F8014B7725C07C03000000010000000500000021DFF2BC7F0447C0D786F8014B7725C0748ADF4CC44446C04C786A3D14E625C02297CA571C6D46C0B3C91AFAB9C928C0430852CAD72C47C02D801DBCF05A28C021DFF2BC7F0447C0D786F8014B7725C0FE');
INSERT INTO "wrs"("id","Geometry") VALUES('220069',X'0001E610000066DB83F5865547C0E47F49AB22AD2BC038AB3709346D46C09F862986E95A28C07C030000000100000005000000366A0445E42C47C09F862986E95A28C038AB3709346D46C079AF6649ACC928C0B46EFDB6D69546C0E47F49AB22AD2BC066DB83F5865547C0D7F1B2E45F3E2BC0366A0445E42C47C09F862986E95A28C0FE');
INSERT INTO "wrs"("id","Geometry") VALUES('220070',X'0001E610000003C0C5D58C7E47C07698E34254902EC07FE09BB9F19546C01C0B16A8573E2BC07C030000000100000005000000A7CAC836955547C01C0B16A8573E2BC07FE09BB9F19546C0DB2CE80F13AD2BC0CB7F9755E9BE46C07698E34254902EC003C0C5D58C7E47C0B883EDD698212EC0A7CAC836955547C01C0B16A8573E2BC0FE');
INSERT INTO "wrs"("id","Geometry") VALUES('220071',X'0001E61000004A829A3EF4A747C036B3A265A4B930C01B9E83CD07BF46C06A9FAE888F212EC07C030000000100000005000000C7F39AF09C7E47C06A9FAE888F212EC01B9E83CD07BF46C0B9B7F6A742902EC04A8738185FE846C036B3A265A4B930C04A829A3EF4A747C01F8B87D34A8230C0C7F39AF09C7E47C06A9FAE888F212EC0FE');
INSERT INTO "wrs"("id","Geometry") VALUES('220072',X'0001E6100000E751B08CC8D147C05A4D031EFD2A32C0E75BE52E81E846C0FD19489D458230C07C030000000100000005000000CDDED44806A847C0FD19489D458230C0E75BE52E81E846C068036D8C9AB930C0D2502A6F431247C05A4D031EFD2A32C0E751B08CC8D147C01EAE032CA8F331C0CDDED44806A847C0FD19489D458230C0FE');
INSERT INTO "wrs"("id","Geometry") VALUES('220073',X'0001E6100000665AE4B815FC47C0343D1A3B319C33C0A6D3DB53691247C06A29715FA2F331C07C03000000010000000500000026E83B9FDCD147C06A29715FA2F331C0A6D3DB53691247C0D914662BF22A32C0BC659F69A23C47C0343D1A3B319C33C0665AE4B815FC47C098C5E76BE16433C026E83B9FDCD147C06A29715FA2F331C0FE');
INSERT INTO "wrs"("id","Geometry") VALUES('220074',X'0001E61000005C15306DE82648C02C50F29F3D0D35C0D2CEFA51CC3C47C07AD2D300DB6433C07C030000000100000005000000995D12F02BFC47C07AD2D300DB6433C0D2CEFA51CC3C47C0BF01961F259C33C05978E2CA886747C02C50F29F3D0D35C05C15306DE82648C09EDF917DF3D534C0995D12F02BFC47C07AD2D300DB6433C0FE');
INSERT INTO "wrs"("id","Geometry") VALUES('220075',X'0001E6100000B47FCB1B4E5248C045FB841F1F7E36C0980D97F3B66747C05B17B96AECD534C07C030000000100000005000000737A0EE9002748C05B17B96AECD534C0980D97F3B66747C02201FF49300D35C058C6C921049347C045FB841F1F7E36C0B47FCB1B4E5248C0C494403CDB4636C0737A0EE9002748C05B17B96AECD534C0FE');
INSERT INTO "wrs"("id","Geometry") VALUES('220076',X'0001E6100000D04AE518557E48C0F4C4B479D2EE37C0D85B52CF369347C03B2B2E77D34636C07C03000000010000000500000046268D00695248C03B2B2E77D34636C0D85B52CF369347C0F3D0587B107E36C0B665C8E222BF47C0F4C4B479D2EE37C0D04AE518557E48C0BCA42D7195B737C046268D00695248C03B2B2E77D34636C0FE');
INSERT INTO "wrs"("id","Geometry") VALUES('220077',X'0001E6100000276D59B70CAB48C0A872CF57545F39C0E3CC4E625ABF47C0E30916EE8CB737C07C03000000010000000500000089415A8F727E48C0E30916EE8CB737C0E3CC4E625ABF47C0441C0571C2EE37C088D61085F4EB47C0A872CF57545F39C0276D59B70CAB48C0A7E326D01E2839C089415A8F727E48C0E30916EE8CB737C0FE');
INSERT INTO "wrs"("id","Geometry") VALUES('220078',X'0001E610000019CAE46885D848C0EE787648A1CF3AC002E1732D31EC47C0BED2C281152839C07C030000000100000005000000531C7AED2CAB48C0BED2C281152839C002E1732D31EC47C0420E83D1425F39C00DFF41A3891948C0EE787648A1CF3AC019CAE46885D848C0382BA1F373983AC0531C7AED2CAB48C0BED2C281152839C0FE');
INSERT INTO "wrs"("id","Geometry") VALUES('220079',X'0001E6100000447768E2D00649C05ACCE3BAB53F3CC05EF647D6CB1948C05769FBCA69983AC07C03000000010000000500000016BE7492A8D848C05769FBCA69983AC05EF647D6CB1948C033054D288ECF3AC0C1953B20F44748C05ACCE3BAB53F3CC0447768E2D00649C026F3225891083CC016BE7492A8D848C05769FBCA69983AC0FE');
INSERT INTO "wrs"("id","Geometry") VALUES('220080',X'0001E610000077FDEA44023649C0722569F98DAF3DC09197F44B3C4848C0CCE7634486083CC07C0300000001000000050000005ECCB339F70649C0CCE7634486083CC09197F44B3C4848C0705C11E1A03F3CC0F5AAC350477748C0722569F98DAF3DC077FDEA44023649C0FBA8F35673783DC05ECCB339F70649C0CCE7634486083CC0FE');
INSERT INTO "wrs"("id","Geometry") VALUES('220081',X'0001E6100000C764224C2E6649C004BD0A23261F3FC0940329F1957748C0CDEF204567783DC07C030000000100000005000000DCB8A20B2C3649C0CDEF204567783DC0940329F1957748C082C61B4277AF3DC0513ED32A98A748C004BD0A23261F3FC0C764224C2E6649C051FCEF1F16E83EC0DCB8A20B2C3649C0CDEF204567783DC0FE');
INSERT INTO "wrs"("id","Geometry") VALUES('221061',X'0001E61000009C1C3AC715DC46C0D5DAF182023702C02650C7CBDFF445C0A810A07A04A9E3BF7C0300000001000000050000004BDCAA67C2B446C0A810A07A04A9E3BF2650C7CBDFF445C0C9FE4B0B0397EABF3BA1BE2A331C46C0D5DAF182023702C09C1C3AC715DC46C02EE2FAE6827B00C04BDCAA67C2B446C0A810A07A04A9E3BFFE');
INSERT INTO "wrs"("id","Geometry") VALUES('221062',X'0001E6100000925B242E750347C09730185F20C80DC040F0A21E361C46C0D7A733CC7F7B00C07C030000000100000005000000E201191F17DC46C0D7A733CC7F7B00C040F0A21E361C46C05124E0AFFB3602C0E07ED82C944346C09730185F20C80DC0925B242E750347C0ADD85780A40C0CC0E201191F17DC46C0D7A733CC7F7B00C0FE');
INSERT INTO "wrs"("id","Geometry") VALUES('221063',X'0001E6100000BFBCA564E92A47C0A8CE2DF481AC14C07F5B24EF994346C09F8FD4E79D0C0CC07C03000000010000000500000042A4B208780347C09F8FD4E79D0C0CC07F5B24EF994346C0C5F8980F13C80DC07573034A0B6B46C0A8CE2DF481AC14C0BFBCA564E92A47C03AA21D61C7CE13C042A4B208780347C09F8FD4E79D0C0CC0FE');
INSERT INTO "wrs"("id","Geometry") VALUES('221064',X'0001E6100000FF4882247B5247C09B3C8D22CB741AC04E10E3E1136B46C093A0E551C2CE13C07C03000000010000000500000006C56EC5ED2A47C093A0E551C2CE13C04E10E3E1136B46C02444EE0578AC14C061DCA33FA19246C09B3C8D22CB741AC0FF4882247B5247C091D1B36D159719C006C56EC5ED2A47C093A0E551C2CE13C0FE');
INSERT INTO "wrs"("id","Geometry") VALUES('221065',X'0001E6100000EB668D4D337A47C0D8E2E722701E20C0D926D7B7AC9246C0DA9E35950E9719C07C0300000001000000050000001326FC10815247C0DA9E35950E9719C0D926D7B7AC9246C06F0661E1BD741AC0A3E2D5F25EBA46C0D8E2E722701E20C0EB668D4D337A47C04C9331F7305F1FC01326FC10815247C0DA9E35950E9719C0FE');
INSERT INTO "wrs"("id","Geometry") VALUES('221066',X'0001E61000001F1573F11AA247C0F82644EF5A0223C0F893CE596DBA46C004DBD44C285F1FC07C0300000001000000050000008A2628CD3A7A47C004DBD44C285F1FC0F893CE596DBA46C088CD82D0671E20C08F1C467C4DE246C0F82644EF5A0223C01F1573F11AA247C056692243879322C08A2628CD3A7A47C004DBD44C285F1FC0FE');
INSERT INTO "wrs"("id","Geometry") VALUES('221067',X'0001E6100000540F08603BCA47C0B56AE62F20E625C00F624EE45EE246C001B188FF819322C07C0300000001000000050000009CB6AC0D24A247C001B188FF819322C00F624EE45EE246C051D77EE0500223C072059434760A47C0B56AE62F20E625C0540F08603BCA47C03ABC174C517725C09CB6AC0D24A247C001B188FF819322C0FE');
INSERT INTO "wrs"("id","Geometry") VALUES('221068',X'0001E6100000C30E48349EF247C0DC96E615BAC928C0AE5300B48A0A47C08F6A57134B7725C07C0300000001000000050000001480862446CA47C08F6A57134B7725C0AE5300B48A0A47C0C28DD95714E625C0F3E868C1E23247C0DC96E615BAC928C0C30E48349EF247C0B4F9BFCDF05A28C01480862446CA47C08F6A57134B7725C0FE');
INSERT INTO "wrs"("id","Geometry") VALUES('221069',X'0001E61000002B5C28624D1B48C03497EDC722AD2BC0A10CD672FA3247C08D59CB97E95A28C07C030000000100000005000000F073FAAEAAF247C08D59CB97E95A28C0A10CD672FA3247C019363165ACC928C055B165239D5B47C03497EDC722AD2BC02B5C28624D1B48C024EC16F65F3E2BC0F073FAAEAAF247C08D59CB97E95A28C0FE');
INSERT INTO "wrs"("id","Geometry") VALUES('221070',X'0001E61000006A756645534448C0BA18DB5F54902EC00FFA0326B85B47C04E3279B9573E2BC07C030000000100000005000000094D6DA35B1B48C04E3279B9573E2BC00FFA0326B85B47C099A88A2C13AD2BC0203A18C5AF8447C0BA18DB5F54902EC06A756645534448C0D83790E798212EC0094D6DA35B1B48C04E3279B9573E2BC0FE');
INSERT INTO "wrs"("id","Geometry") VALUES('221071',X'0001E6100000BFBA87B1BA6D48C09CF50474A4B930C0AE63043DCE8447C0AB4D50998F212EC07C0300000001000000050000009CA83B60634448C0AB4D50998F212EC0AE63043DCE8447C0A83BECC442902EC001B5228B25AE47C09CF50474A4B930C0BFBA87B1BA6D48C0333C36DB4A8230C09CA83B60634448C0AB4D50998F212EC0FE');
INSERT INTO "wrs"("id","Geometry") VALUES('221072',X'0001E6100000EC023D038F9748C04513082CFD2A32C01A91CFA147AE47C06E2BF6A4458230C07C030000000100000005000000E4DCC1BBCC6D48C06E2BF6A4458230C01A91CFA147AE47C0FC10CE9A9AB930C014B0D1E509D847C04513082CFD2A32C0EC023D038F9748C0DC02CD32A8F331C0E4DCC1BBCC6D48C06E2BF6A4458230C0FE');
INSERT INTO "wrs"("id","Geometry") VALUES('221073',X'0001E6100000F16C6633DCC148C04AAE7C48319C33C068FE82CA2FD847C03DBE3966A2F331C07C0300000001000000050000004292C815A39748C03DBE3966A2F331C068FE82CA2FD847C080686939F22A32C02DC55AE4680248C04AAE7C48319C33C0F16C6633DCC148C045508871E16433C04292C815A39748C03DBE3966A2F331C0FE');
INSERT INTO "wrs"("id","Geometry") VALUES('221074',X'0001E6100000A9BD00ECAEEC48C07EAB6CAC3D0D35C05E2AB6CC920248C00B797306DB6433C07C030000000100000005000000E964946AF2C148C00B797306DB6433C05E2AB6CC920248C0CABBF62C259C33C06F0E0C4A4F2D48C07EAB6CAC3D0D35C0A9BD00ECAEEC48C04169C581F3D534C0E964946AF2C148C00B797306DB6433C0FE');
INSERT INTO "wrs"("id","Geometry") VALUES('221075',X'0001E61000002F97479F141849C0E285D02A1F7E36C0D397C0727D2D48C07794EB6EECD534C07C0300000001000000050000004A12DF67C7EC48C07794EB6EECD534C0D397C0727D2D48C0A7587756300D35C06F8FBFA5CA5848C0E285D02A1F7E36C02F97479F141849C0BC0BC23EDB4636C04A12DF67C7EC48C07794EB6EECD534C0FE');
INSERT INTO "wrs"("id","Geometry") VALUES('221076',X'0001E6100000007C6DA11B4449C0B6B58983D2EE37C0520F4853FD5848C0AA68AE79D34636C07C030000000100000005000000052709842F1849C0AA68AE79D34636C0520F4853FD5848C04702A286107E36C09789EC6BE98448C0B6B58983D2EE37C0007C6DA11B4449C0D108B77195B737C0052709842F1849C0AA68AE79D34636C0FE');
INSERT INTO "wrs"("id","Geometry") VALUES('221077',X'0001E6100000887A5345D37049C0D9DAE45F545F39C04CCF72EB208548C058029EEE8CB737C07C0300000001000000050000007A8BE217394449C058029EEE8CB737C04CCF72EB208548C0AB54D77AC2EE37C069E0C913BBB148C0D9DAE45F545F39C0887A5345D37049C0DA2E71CE1E2839C07A8BE217394449C058029EEE8CB737C0FE');
INSERT INTO "wrs"("id","Geometry") VALUES('221078',X'0001E61000000084BAFC4B9E49C05729824EA1CF3AC01DF22CBCF7B148C0AA7A0B80152839C07C0300000001000000050000009C02747BF37049C0AA7A0B80152839C01DF22CBCF7B148C0785495D9425F39C09930FC3750DF48C05729824EA1CF3AC00084BAFC4B9E49C0333764EF73983AC09C02747BF37049C0AA7A0B80152839C0FE');
INSERT INTO "wrs"("id","Geometry") VALUES('221079',X'0001E6100000A3F1897C97CC49C04C369ABEB53F3CC012B0016B92DF48C03E94BCC669983AC07C030000000100000005000000617D4A266F9E49C03E94BCC669983AC012B0016B92DF48C05D1E552E8ECF3AC01E2368BBBA0D49C04C369ABEB53F3CC0A3F1897C97CC49C0995A155191083CC0617D4A266F9E49C03E94BCC669983AC0FE');
INSERT INTO "wrs"("id","Geometry") VALUES('221080',X'0001E6100000D065CDE5C8FB49C05D357DFA8DAF3DC0A2CF20E7020E49C08A29543D86083CC07C030000000100000005000000C108D5D3BDCC49C08A29543D86083CC0A2CF20E7020E49C0F6ACC3E4A03F3CC05926DAF20D3D49C05D357DFA8DAF3DC0D065CDE5C8FB49C078A4CA4C73783DC0C108D5D3BDCC49C08A29543D86083CC0FE');
INSERT INTO "wrs"("id","Geometry") VALUES('221081',X'0001E6100000A75342F4F42B4AC076B82D21261F3FC055113F935C3D49C06B79F53A67783DC07C03000000010000000500000099D484ACF2FB49C06B79F53A67783DC055113F935C3D49C0E22F2B4377AF3DC0DA0252D45E6D49C076B82D21261F3FC0A75342F4F42B4AC02A3A5F1216E83EC099D484ACF2FB49C06B79F53A67783DC0FE');
INSERT INTO "wrs"("id","Geometry") VALUES('221082',X'0001E6100000290A5E33325D4AC0CAFF780F3D4740C0D27F2975B46D49C01BD50CED08E83EC07C030000000100000005000000FE987E74222C4AC01BD50CED08E83EC0D27F2975B46D49C045DEFD630D1F3FC0603DEE2CC49E49C0CAFF780F3D4740C0290A5E33325D4AC0EF548AD0BA2B40C0FE987E74222C4AC01BD50CED08E83EC0FE');
INSERT INTO "wrs"("id","Geometry") VALUES('221083',X'0001E61000007962F63A998F4AC026CC57D2C2FE40C0626E026C219F49C0F72B0CA8B32B40C07C0300000001000000050000002616CDC0635D4AC0F72B0CA8B32B40C0626E026C219F49C0E4C826972F4740C0FFF99ADE56D149C026CC57D2C2FE40C07962F63A998F4AC026AD9DDF46E340C02616CDC0635D4AC0F72B0CA8B32B40C0FE');
INSERT INTO "wrs"("id","Geometry") VALUES('222061',X'0001E61000004AF43A27DCA147C0552B9C9A023702C043F0852AA6BA46C0ED30E98D04A9E3BF7C030000000100000005000000DF8845C7887A47C0ED30E98D04A9E3BF43F0852AA6BA46C0D17708300397EABF1FB4FD89F9E146C0552B9C9A023702C04AF43A27DCA147C0D559CAF5827B00C0DF8845C7887A47C0ED30E98D04A9E3BFFE');
INSERT INTO "wrs"("id","Geometry") VALUES('222062',X'0001E61000004022CF8E3BC947C02AD9528320C80DC0BBCFE17DFCE146C0DF1003DB7F7B00C07C030000000100000005000000A9DA197FDDA147C0DF1003DB7F7B00C0BBCFE17DFCE146C03D4F8AC7FB3602C0BE94DB8C5A0947C02AD9528320C80DC04022CF8E3BC947C092773A97A40C0CC0A9DA197FDDA147C0DF1003DB7F7B00C0FE');
INSERT INTO "wrs"("id","Geometry") VALUES('222063',X'0001E6100000547E3EC6AFF047C006189C0B82AC14C08477274F600947C050FEB6FE9D0C0CC07C030000000100000005000000DF6C5D693EC947C050FEB6FE9D0C0CC08477274F600947C09235D33313C80DC0FDE10EABD13047C006189C0B82AC14C0547E3EC6AFF047C00C34A26FC7CE13C0DF6C5D693EC947C050FEB6FE9D0C0CC0FE');
INSERT INTO "wrs"("id","Geometry") VALUES('222064',X'0001E61000000D2D4E87411848C06B6A533ECB741AC0DC86EE42DA3047C04F006A60C2CE13C07C030000000100000005000000F3BF0727B4F047C04F006A60C2CE13C0DC86EE42DA3047C070235C1D78AC14C0A8BBFCA1675847C06B6A533ECB741AC00D2D4E87411848C069F8537E159719C0F3BF0727B4F047C04F006A60C2CE13C0FE');
INSERT INTO "wrs"("id","Geometry") VALUES('222065',X'0001E61000009981D2B1F93F48C0566E7932701E20C0440F301A735847C03A70D5A50E9719C07C0300000001000000050000008043C873471848C03A70D5A50E9719C0440F301A735847C07A8426FDBD741AC0A83EC256258047C0566E7932701E20C09981D2B1F93F48C05035F408315F1FC08043C873471848C03A70D5A50E9719C0FE');
INSERT INTO "wrs"("id","Geometry") VALUES('222066',X'0001E610000095247857E16748C02EAB05005B0223C07EF9BABD338047C08CFA965E285F1FC07C03000000010000000500000034436D31014048C08CFA965E285F1FC07EF9BABD338047C043D513E0671E20C00E370DE213A847C02EAB05005B0223C095247857E16748C038AB174C879322C034436D31014048C08CFA965E285F1FC0FE');
INSERT INTO "wrs"("id","Geometry") VALUES('222067',X'0001E6100000D15715C8019048C07962584120E625C0A385154A25A847C01C967D08829322C07C03000000010000000500000036C7B173EA6748C01C967D08829322C0A385154A25A847C082A23FF1500223C002837E9C3CD047C07962584120E625C0D15715C8019048C0ADD7A254517725C036C7B173EA6748C01C967D08829322C0FE');
INSERT INTO "wrs"("id","Geometry") VALUES('222068',X'0001E61000004062A79E64B848C087678827BAC928C007D9EA1B51D047C07208E21B4B7725C07C03000000010000000500000061C8938C0C9048C07208E21B4B7725C007D9EA1B51D047C06A8D4A6914E625C07F0EC12BA9F847C087678827BAC928C04062A79E64B848C0A50062D5F05A28C061C8938C0C9048C07208E21B4B7725C0FE');
INSERT INTO "wrs"("id","Geometry") VALUES('222069',X'0001E6100000E25625CF13E148C079823DD922AD2BC0CD372EDDC0F847C0A3BC6C9FE95A28C07C03000000010000000500000067C5591971B848C0A3BC6C9FE95A28C0CD372EDDC0F847C03EC5D176ACC928C0CBA47790632148C079823DD922AD2BC0E25625CF13E148C0680B50FC5F3E2BC067C5591971B848C0A3BC6C9FE95A28C0FE');
INSERT INTO "wrs"("id","Geometry") VALUES('222070',X'0001E6100000CF864EB5190A49C00B2C567054902EC0FDEF15937E2148C09A81B1BF573E2BC07C03000000010000000500000055436A1022E148C09A81B1BF573E2BC0FDEF15937E2148C0F4FDD83D13AD2BC06B433235764A48C00B2C567054902EC0CF864EB5190A49C092A6DFEB98212EC055436A1022E148C09A81B1BF573E2BC0FE');
INSERT INTO "wrs"("id","Geometry") VALUES('222071',X'0001E6100000B645AB24813349C035F6957BA4B930C0366B1EAD944A48C01CBA9E9D8F212EC07C0300000001000000050000008BE923D0290A49C01CBA9E9D8F212EC0366B1EAD944A48C0FF5865D542902EC04A8395FEEB7348C035F6957BA4B930C0B645AB24813349C0583228DC4A8230C08BE923D0290A49C01CBA9E9D8F212EC0FE');
INSERT INTO "wrs"("id","Geometry") VALUES('222072',X'0001E6100000C55BEE79555D49C0B0BEA932FD2A32C0355842150E7448C0EF83E7A5458230C07C030000000100000005000000B95CE52E933349C0EF83E7A5458230C0355842150E7448C04AE05DA29AB930C0A3A6F05CD09D48C0B0BEA932FD2A32C0C55BEE79555D49C009BF4732A8F331C0B95CE52E933349C0EF83E7A5458230C0FE');
INSERT INTO "wrs"("id","Geometry") VALUES('222073',X'0001E61000002D06FBADA28749C01F7CEB4D319C33C006E7A141F69D48C0B2BCB365A2F331C07C03000000010000000500000084DB798C695D49C0B2BCB365A2F331C006E7A141F69D48C092A50940F22A32C07D457C5F2FC848C01F7CEB4D319C33C02D06FBADA28749C0F0BC496FE16433C084DB798C695D49C0B2BCB365A2F331C0FE');
INSERT INTO "wrs"("id","Geometry") VALUES('222074',X'0001E6100000CA40D16A75B249C0EE4764B03D0D35C07594D74759C848C010043404DB6433C07C0300000001000000050000003AE928E5B88749C010043404DB6433C07594D74759C848C0E6D66332259C33C0E0D289C915F348C0EE4764B03D0D35C0CA40D16A75B249C0D9C48A7DF3D534C03AE928E5B88749C010043404DB6433C0FE');
INSERT INTO "wrs"("id","Geometry") VALUES('222075',X'0001E61000003809B022DBDD49C008C00B2D1F7E36C00E3C3EF243F348C048E6AF6AECD534C07C0300000001000000050000002C7AAFE68DB249C048E6AF6AECD534C00E3C3EF243F348C00EF66C5A300D35C0DACEF629911E49C008C00B2D1F7E36C03809B022DBDD49C033D74738DB4636C02C7AAFE68DB249C048E6AF6AECD534C0FE');
INSERT INTO "wrs"("id","Geometry") VALUES('222076',X'0001E6100000A87ACE29E2094AC0266BC283D2EE37C084597FD7C31E49C09DFD3273D34636C07C03000000010000000500000057AD7107F6DD49C09DFD3273D34636C084597FD7C31E49C05DE8DA88107E36C040373FF5AF4A49C0266BC283D2EE37C0A87ACE29E2094AC05FF3B86895B737C057AD7107F6DD49C09DFD3273D34636C0FE');
INSERT INTO "wrs"("id","Geometry") VALUES('222077',X'0001E6100000FF2411D399364AC023E0D35D545F39C07C42C574E74A49C09B849EE58CB737C07C030000000100000005000000AF5E43A0FF094AC09B849EE58CB737C07C42C574E74A49C083570D7BC2EE37C077CE9DA2817749C023E0D35D545F39C0FF2411D399364AC0AFFEA9C21E2839C0AF5E43A0FF094AC09B849EE58CB737C0FE');
INSERT INTO "wrs"("id","Geometry") VALUES('222078',X'0001E61000007CA53E9012644AC0EA2EDF49A1CF3AC0CC94004BBE7749C0E6AA4274152839C07C03000000010000000500000057AE3109BA364AC0E6AA4274152839C0CC94004BBE7749C0233E81D7425F39C02464BCCC16A549C0EA2EDF49A1CF3AC07CA53E9012644AC0BFAE8DE073983AC057AE3109BA364AC0E6AA4274152839C0FE');
INSERT INTO "wrs"("id","Geometry") VALUES('222079',X'0001E6100000BCC742165E924AC045A91BB7B53F3CC03D84C1FF58A549C0C32EE4B769983AC07C030000000100000005000000215DCEB935644AC0C32EE4B769983AC03D84C1FF58A549C0AF93AE298ECF3AC0291D855681D349C045A91BB7B53F3CC0BCC742165E924AC0BA19E83E91083CC0215DCEB935644AC0C32EE4B769983AC0FE');
INSERT INTO "wrs"("id","Geometry") VALUES('222080',X'0001E610000054E12F868FC14AC0D61BD8EF8DAF3DC0B5523D82C9D349C079C7242B86083CC07C0300000001000000050000000E8F8D6D84924AC079C7242B86083CC0B5523D82C9D349C0340E41DDA03F3CC0CD3BCA94D4024AC0D61BD8EF8DAF3DC054E12F868FC14AC05E05FE3673783DC00E8F8D6D84924AC079C7242B86083CC0FE');
INSERT INTO "wrs"("id","Geometry") VALUES('222081',X'0001E6100000AE2FC99BBBF14AC07D881513261F3FC0F8932E3523034AC0646D262567783DC07C030000000100000005000000DBEFE64CB9C14AC0646D262567783DC0F8932E3523034AC02673813877AF3DC051D5927D25334AC07D881513261F3FC0AE2FC99BBBF14AC01C29A9F815E83EC0DBEFE64CB9C14AC0646D262567783DC0FE');
INSERT INTO "wrs"("id","Geometry") VALUES('222082',X'0001E6100000014E8BE2F8224BC00A388C063D4740C09F9E691E7B334AC0FA0254D308E83EC07C0300000001000000050000007501051CE9F14AC0FA0254D308E83EC09F9E691E7B334AC0146DE0550D1F3FC0D21D04DE8A644AC00A388C063D4740C0014E8BE2F8224BC01ABB94C1BA2B40C07501051CE9F14AC0FA0254D308E83EC0FE');
INSERT INTO "wrs"("id","Geometry") VALUES('222083',X'0001E610000047E353F25F554BC0B33562C7C2FE40C05C74171DE8644AC0D9021599B32B40C07C030000000100000005000000CACFF96F2A234BC0D9021599B32B40C05C74171DE8644AC0C307378E2F4740C09C8312981D974AC0B33562C7C2FE40C047E353F25F554BC074C166CE46E340C0CACFF96F2A234BC0D9021599B32B40C0FE');
INSERT INTO "wrs"("id","Geometry") VALUES('223060',X'0001E610000020439F504F4048C065603EC60497EABF810A2F211B5947C0107A53891D9CEA3F7C030000000100000005000000FF90A310FE1848C0107A53891D9CEA3F810A2F211B5947C0BFCCBBD51BAEE33F81C704616C8047C065603EC60497EABF20439F504F4048C065DE9B1C03A9E3BFFF90A310FE1848C0107A53891D9CEA3FFE');
INSERT INTO "wrs"("id","Geometry") VALUES('223061',X'0001E610000010D9C387A26748C06187C0AA023702C0819D2B8A6C8047C0D35E109904A9E3BF7C0300000001000000050000000B6D78274F4048C0D35E109904A9E3BF819D2B8A6C8047C0E5E2C9490397EABF6DAB13EABFA747C06187C0AA023702C010D9C387A26748C0284CC8FD827B00C00B6D78274F4048C0D35E109904A9E3BFFE');
INSERT INTO "wrs"("id","Geometry") VALUES('223062',X'0001E61000006FA8F1EF018F48C057D6409B20C80DC05FC9F7DDC2A747C0D0F500E37F7B00C07C030000000100000005000000F9BFA2DFA36748C0D0F500E37F7B00C05FC9F7DDC2A747C07488AED7FB3602C076AAA5ED20CF47C057D6409B20C80DC06FA8F1EF018F48C0ED3783A2A40C0CC0F9BFA2DFA36748C0D0F500E37F7B00C0FE');
INSERT INTO "wrs"("id","Geometry") VALUES('223063',X'0001E61000007B5A3F2876B648C0AF68811A82AC14C00791F1AF26CF47C02191FF099E0C0CC07C030000000100000005000000CC2A80CA048F48C02191FF099E0C0CC00791F1AF26CF47C053CCC04B13C80DC0A670D10C98F647C0AF68811A82AC14C07B5A3F2876B648C0F87DF675C7CE13C0CC2A80CA048F48C02191FF099E0C0CC0FE');
INSERT INTO "wrs"("id","Geometry") VALUES('223064',X'0001E6100000EE1472EA07DE48C01B302F4FCB741AC0001AB1A4A0F647C02F1ABE66C2CE13C07C030000000100000005000000B16508897AB648C02F1ABE66C2CE13C0001AB1A4A0F647C0F30D412C78AC14C0489CFC042E1E48C01B302F4FCB741AC0EE1472EA07DE48C09ACE6184159719C0B16508897AB648C02F1ABE66C2CE13C0FE');
INSERT INTO "wrs"("id","Geometry") VALUES('223065',X'0001E6100000DF315F16C00549C0A5E5653B701E20C04AF42F7D391E48C0BAF3E2AB0E9719C07C03000000010000000500000057F4EBD60DDE48C0BAF3E2AB0E9719C04AF42F7D391E48C0959F010EBE741AC096E345BBEB4548C0A5E5653B701E20C0DF315F16C00549C09948C40D315F1FC057F4EBD60DDE48C0BAF3E2AB0E9719C0FE');
INSERT INTO "wrs"("id","Geometry") VALUES('223066',X'0001E6100000A96BB4BDA72D49C0A54FF3085B0223C0F0A13E22FA4548C0CD8E6663285F1FC07C0300000001000000050000005AF2F995C70549C0CD8E6663285F1FC0F0A13E22FA4548C00CCCFFE8671E20C0178D5B48DA6D48C0A54FF3085B0223C0A96BB4BDA72D49C086A9644D879322C05AF2F995C70549C0CD8E6663285F1FC0FE');
INSERT INTO "wrs"("id","Geometry") VALUES('223067',X'0001E6100000B4114930C85549C0A600C94920E625C07FA663B0EB6D48C0BE39CA09829322C07C030000000100000005000000A10BEED9B02D49C0BE39CA09829322C07FA663B0EB6D48C0D7912CFA500223C0FA07E004039648C0A600C94920E625C0B4114930C85549C080135854517725C0A10BEED9B02D49C0BE39CA09829322C0FE');
INSERT INTO "wrs"("id","Geometry") VALUES('223068',X'0001E6100000A8921C092B7E49C046F3FC2EBAC928C038264C84179648C02EC9961B4B7725C07C0300000001000000050000008AB4C7F4D25549C02EC9961B4B7725C038264C84179648C00C38BA7114E625C0C29D7F966FBE48C046F3FC2EBAC928C0A8921C092B7E49C0062902D3F05A28C08AB4C7F4D25549C02EC9961B4B7725C0FE');
INSERT INTO "wrs"("id","Geometry") VALUES('223069',X'0001E61000001017273CDAA649C0790836DF22AD2BC0B3C2EC4787BE48C011440C9DE95A28C07C03000000010000000500000088EECE83377E49C011440C9DE95A28C0B3C2EC4787BE48C0B714457EACC928C00C93DFFD29E748C0790836DF22AD2BC01017273CDAA649C0F2265DF75F3E2BC088EECE83377E49C011440C9DE95A28C0FE');
INSERT INTO "wrs"("id","Geometry") VALUES('223070',X'0001E610000040232A25E0CF49C0D7C0517454902EC040D57D0045E748C078D0BDBA573E2BC07C0300000001000000050000000DF96B7DE8A649C078D0BDBA573E2BC040D57D0045E748C008F4CF4313AD2BC0985491A53C1049C0D7C0517454902EC040232A25E0CF49C06F02DBE398212EC00DF96B7DE8A649C078D0BDBA573E2BC0FE');
INSERT INTO "wrs"("id","Geometry") VALUES('223072',X'0001E61000004EA66EF01B234AC06B13E731FD2A32C08793E888D43949C092F61BA0458230C07C030000000100000005000000EC4EEAA159F949C092F61BA0458230C08793E888D43949C0DF081BA39AB930C07C9B31D4966349C06B13E731FD2A32C04EA66EF01B234AC086FB732AA8F331C0EC4EEAA159F949C092F61BA0458230C0FE');
INSERT INTO "wrs"("id","Geometry") VALUES('223073',X'0001E6100000ABEC4B28694D4AC0B1A3654B319C33C085BDE2B8BC6349C0D93DDF5DA2F331C07C030000000100000005000000C544FA0230234AC0D93DDF5DA2F331C085BDE2B8BC6349C02990453FF22A32C0F858ADDAF58D49C0B1A3654B319C33C0ABEC4B28694D4AC09E762C65E16433C0C544FA0230234AC0D93DDF5DA2F331C0FE');
INSERT INTO "wrs"("id","Geometry") VALUES('223074',X'0001E6100000CB9A4AE93B784AC05C68D8AB3D0D35C065B608C31F8E49C0BADE15FADA6433C07C0300000001000000050000001DB1795F7F4D4AC0BADE15FADA6433C065B608C31F8E49C06550DC2F259C33C0F49F0449DCB849C05C68D8AB3D0D35C0CB9A4AE93B784AC00ABCE270F3D534C01DB1795F7F4D4AC0BADE15FADA6433C0FE');
INSERT INTO "wrs"("id","Geometry") VALUES('223075',X'0001E61000005F64ADA5A1A34AC04F3F36261F7E36C091D4B8710AB949C098D6065EECD534C07C0300000001000000050000003477286554784AC098D6065EECD534C091D4B8710AB949C0971CDF55300D35C008EC17AE57E449C04F3F36261F7E36C05F64ADA5A1A34AC0F22BD328DB4636C03477286554784AC098D6065EECD534C0FE');
INSERT INTO "wrs"("id","Geometry") VALUES('223076',X'0001E61000003343AFB1A8CF4AC0B2DA5E7AD2EE37C0F7FC9F5B8AE449C0121FBD63D34636C07C030000000100000005000000E1D96E8ABCA34AC0121FBD63D34636C0F7FC9F5B8AE449C04B190382107E36C00775677E76104AC0B2DA5E7AD2EE37C03343AFB1A8CF4AC01011355695B737C0E1D96E8ABCA34AC0121FBD63D34636C0FE');
INSERT INTO "wrs"("id","Geometry") VALUES('223077',X'0001E6100000700D396060FC4AC00BE59C51545F39C0E1F5ECFDAD104AC0993D19D38CB737C07C0300000001000000050000009DB72328C6CF4AC0993D19D38CB737C0E1F5ECFDAD104AC0BF1AA771C2EE37C0136B3231483D4AC00BE59C51545F39C0700D396060FC4AC09B84D3AC1E2839C09DB72328C6CF4AC0993D19D38CB737C0FE');
INSERT INTO "wrs"("id","Geometry") VALUES('223078',X'0001E6100000B4171623D9294BC0A8668E3AA1CF3AC07D9394D9843D4AC032956A5E152839C07C030000000100000005000000831B599680FC4AC032956A5E152839C07D9394D9843D4AC0552E47CB425F39C000802761DD6A4AC0A8668E3AA1CF3AC0B4171623D9294BC0265520C773983AC0831B599680FC4AC032956A5E152839C0FE');
INSERT INTO "wrs"("id","Geometry") VALUES('223079',X'0001E6100000B95F37AF24584BC08A8A69A4B53F3CC04C222C941F6B4AC08CFC749E69983AC07C0300000001000000050000008D46A54CFC294BC08CFC749E69983AC04C222C941F6B4AC0D6425A1A8ECF3AC0663A36F147994AC08A8A69A4B53F3CC0B95F37AF24584BC00D939E2191083CC08D46A54CFC294BC08CFC749E69983AC0FE');
INSERT INTO "wrs"("id","Geometry") VALUES('223080',X'0001E610000021F4B42556874BC099D27BD98DAF3DC069A0ED1C90994AC07224D90D86083CC07C0300000001000000050000007EC581064B584BC07224D90D86083CC069A0ED1C90994AC031E68ACAA03F3CC0D8C936369BC84AC099D27BD98DAF3DC021F4B42556874BC0D5DA911573783DC07EC581064B584BC07224D90D86083CC0FE');
INSERT INTO "wrs"("id","Geometry") VALUES('223081',X'0001E6100000945F584282B74BC078CBC4F8251F3FC0216A9AD6E9C84AC04FDBB70367783DC07C030000000100000005000000CF8E6BEC7F874BC04FDBB70367783DC0216A9AD6E9C84AC0B991202277AF3DC0E4C93626ECF84AC078CBC4F8251F3FC0945F584282B74BC0C092D2D215E83EC0CF8E6BEC7F874BC04FDBB70367783DC0FE');
INSERT INTO "wrs"("id","Geometry") VALUES('223082',X'0001E61000001C2DA590BFE84BC0D8AB43F73C4740C09EB60CC741F94AC08BB17AAD08E83EC07C030000000100000005000000367193C2AFB74BC08BB17AAD08E83EC09EB60CC741F94AC02B798A3B0D1F3FC0199E628E512A4BC0D8AB43F73C4740C01C2DA590BFE84BC0C2954FACBA2B40C0367193C2AFB74BC08BB17AAD08E83EC0FE');
INSERT INTO "wrs"("id","Geometry") VALUES('224060',X'0001E610000055DF18B1150649C071F7FFD40497EABFDEFD4D81E11E48C03A0E988F1D9CEA3F7C0300000001000000050000001BE21A71C4DE48C03A0E988F1D9CEA3FDEFD4D81E11E48C0F84E46E21BAEE33F4E3E40C1324648C071F7FFD40497EABF55DF18B1150649C072029F1F03A9E3BF1BE21A71C4DE48C03A0E988F1D9CEA3FFE');
INSERT INTO "wrs"("id","Geometry") VALUES('224061',X'0001E6100000655B83E8682D49C0F2ED5BB3023702C0631467EA324648C0C784139C04A9E3BF7C03000000010000000500000041D2F187150649C0C784139C04A9E3BF631467EA324648C0D7768B580397EABF7F0FAF4A866D48C0F2ED5BB3023702C0655B83E8682D49C0B73BF3FE827B00C041D2F187150649C0C784139C04A9E3BFFE');
INSERT INTO "wrs"("id","Geometry") VALUES('224062',X'0001E610000070DF3A51C85449C052B3DDA620C80DC08D65933E896D48C04AD92BE47F7B00C07C0300000001000000050000004A4262406A2D49C04AD92BE47F7B00C08D65933E896D48C0FDCE49E0FB3602C04618E54EE79448C052B3DDA620C80DC070DF3A51C85449C0FEFF2FA2A40C0CC04A4262406A2D49C04AD92BE47F7B00C0FE');
INSERT INTO "wrs"("id","Geometry") VALUES('224063',X'0001E61000003E7A568A3C7C49C041FADA2082AC14C03B373111ED9448C05E2EAC099E0C0CC07C0300000001000000050000006261C92BCB5449C05E2EAC099E0C0CC03B373111ED9448C042485D5713C80DC02D7BF96E5EBC48C041FADA2082AC14C03E7A568A3C7C49C087521974C7CE13C06261C92BCB5449C05E2EAC099E0C0CC0FE');
INSERT INTO "wrs"("id","Geometry") VALUES('224064',X'0001E610000025EA9B4DCEA349C00F6A1D55CB741AC077EED80667BC48C0CBC0E064C2CE13C07C03000000010000000500000034841FEB407C49C0CBC0E064C2CE13C077EED80667BC48C0653D9A3278AC14C071165268F4E348C00F6A1D55CB741AC025EA9B4DCEA349C08433DC7F159719C034841FEB407C49C0CBC0E064C2CE13C0FE');
INSERT INTO "wrs"("id","Geometry") VALUES('224065',X'0001E6100000F155E17A86CB49C0449FAB3D701E20C01A6E85E0FFE348C0C2085DA70E9719C07C0300000001000000050000000BC7153AD4A349C0C2085DA70E9719C01A6E85E0FFE348C04B34EF13BE741AC06CAF0E20B20B49C0449FAB3D701E20C0F155E17A86CB49C0AFE7A005315F1FC00BC7153AD4A349C0C2085DA70E9719C0FE');
INSERT INTO "wrs"("id","Geometry") VALUES('224066',X'0001E61000002D7AD5236EF349C0A36A0B0A5B0223C04F6B0787C00B49C06DB2425B285F1FC07C03000000010000000500000030127CFA8DCB49C06DB2425B285F1FC04F6B0787C00B49C0790845EB671E20C0AAA6DEAEA03349C0A36A0B0A5B0223C02D7AD5236EF349C04A260947879322C030127CFA8DCB49C06DB2425B285F1FC0FE');
INSERT INTO "wrs"("id","Geometry") VALUES('224067',X'0001E61000001EDF50988E1B4AC0C4B2364920E625C09DBAE616B23349C0025E6E03829322C07C030000000100000005000000B4DC0E4077F349C0025E6E03829322C09DBAE616B23349C0B5FB43FB500223C086B8656DC95B49C0C4B2364920E625C01EDF50988E1B4AC0B57D374B517725C0B4DC0E4077F349C0025E6E03829322C0FE');
INSERT INTO "wrs"("id","Geometry") VALUES('224068',X'0001E6100000AC675473F1434AC0A3D6422CBAC928C062CDD1ECDD5B49C0E4BA75124B7725C07C030000000100000005000000C078CF5C991B4AC0E4BA75124B7725C062CDD1ECDD5B49C058FB267114E625C011BA5101368449C0A3D6422CBAC928C0AC675473F1434AC01EE4A0C6F05A28C0C078CF5C991B4AC0E4BA75124B7725C0FE');
INSERT INTO "wrs"("id","Geometry") VALUES('224069',X'0001E610000004B3D9A8A06C4AC08C0CD6D922AD2BC0A9D0BEB24D8449C03161AA90E95A28C07C03000000010000000500000005B706EEFD434AC03161AA90E95A28C0A9D0BEB24D8449C049C1897BACC928C0D4B3496BF0AC49C08C0CD6D922AD2BC004B3D9A8A06C4AC0AC2A3FE75F3E2BC005B706EEFD434AC03161AA90E95A28C0FE');
INSERT INTO "wrs"("id","Geometry") VALUES('224070',X'0001E610000097D8A494A6954AC03919CD6B54902EC09AE1E76D0BAD49C0FD0A9FAA573E2BC07C03000000010000000500000080BB1EEAAE6C4AC0FD0A9FAA573E2BC09AE1E76D0BAD49C0706E6E3E13AD2BC0C0E1E01503D649C03919CD6B54902EC097D8A494A6954AC0A9C983CF98212EC080BB1EEAAE6C4AC0FD0A9FAA573E2BC0FE');
INSERT INTO "wrs"("id","Geometry") VALUES('224071',X'0001E6100000BBC0410A0EBF4AC07FD43F76A4B930C00116CD8D21D649C009E440818F212EC07C030000000100000005000000E7177AAFB6954AC009E440818F212EC00116CD8D21D649C0C06ED8D042902EC01F25C1E578FF49C07FD43F76A4B930C0BBC0410A0EBF4AC0D47AD6C94A8230C0E7177AAFB6954AC009E440818F212EC0FE');
INSERT INTO "wrs"("id","Geometry") VALUES('224072',X'0001E610000097D76866E2E84AC0C435C029FD2A32C0BCBF6DFC9AFF49C094979493458230C07C03000000010000000500000046E17B1420BF4AC094979493458230C0BCBF6DFC9AFF49C08067059D9AB930C095F43E4B5D294AC0C435C029FD2A32C097D76866E2E84AC06A2D531BA8F331C046E17B1420BF4AC094979493458230C0FE');
INSERT INTO "wrs"("id","Geometry") VALUES('224073',X'0001E610000092F102A22F134BC0469DEB40319C33C0E1E7EF2F83294AC0E2B6BD4EA2F331C07C030000000100000005000000291EF478F6E84AC0E2B6BD4EA2F331C0E1E7EF2F83294AC0CC4C1D37F22A32C0D7169855BC534AC0469DEB40319C33C092F102A22F134BC0735F3253E16433C0291EF478F6E84AC0E2B6BD4EA2F331C0FE');
INSERT INTO "wrs"("id","Geometry") VALUES('224074',X'0001E6100000E09F1567023E4BC080E5C99E3D0D35C07A39F33DE6534AC054EB1AE8DA6433C07C030000000100000005000000CC5630D945134BC054EB1AE8DA6433C07A39F33DE6534AC0E7A06025259C33C0E75125C8A27E4AC080E5C99E3D0D35C0E09F1567023E4BC01FAACF5BF3D534C0CC5630D945134BC054EB1AE8DA6433C0FE');
INSERT INTO "wrs"("id","Geometry") VALUES('224075',X'0001E6100000D0A5E72768694BC0844951161F7E36C0AD06D9F0D07E4AC0EDC0F248ECD534C07C0300000001000000050000008B82F3E21A3E4BC0EDC0F248ECD534C0AD06D9F0D07E4AC05AA5CE48300D35C03DAECA311EAA4AC0844951161F7E36C0D0A5E72768694BC0B8EA6610DB4636C08B82F3E21A3E4BC0EDC0F248ECD534C0FE');
INSERT INTO "wrs"("id","Geometry") VALUES('224076',X'0001E6100000F220B7386F954BC0EBC36067D2EE37C0EC6552DF50AA4AC003AE4F4BD34636C07C030000000100000005000000D3E0A80C83694BC003AE4F4BD34636C0EC6552DF50AA4AC040DB1B72107E36C0231A0C073DD64AC0EBC36067D2EE37C0F220B7386F954BC076D42E3A95B737C0D3E0A80C83694BC003AE4F4BD34636C0FE');
INSERT INTO "wrs"("id","Geometry") VALUES('224077',X'0001E6100000DB4C71EC26C24BC0CF2F423B545F39C0A965918674D64AC024A011B78CB737C07C030000000100000005000000904F2BAF8C954BC024A011B78CB737C0A965918674D64AC0715EA65EC2EE37C03FC12DBF0E034BC0CF2F423B545F39C0DB4C71EC26C24BC08FD1F18C1E2839C0904F2BAF8C954BC024A011B78CB737C0FE');
INSERT INTO "wrs"("id","Geometry") VALUES('224078',X'0001E61000004F1BE6B49FEF4BC0ACAA9220A1CF3AC03C678F674B034BC0CC4A873E152839C07C0300000001000000050000002008912247C24BC0CC4A873E152839C03C678F674B034BC0E76BE9B4425F39C05979E2F4A3304BC0ACAA9220A1CF3AC04F1BE6B49FEF4BC07EE620A373983AC02008912247C24BC0CC4A873E152839C0FE');
INSERT INTO "wrs"("id","Geometry") VALUES('224079',X'0001E6100000E19F0B47EB1D4CC04A558786B53F3CC0827FE627E6304BC003BA737A69983AC07C03000000010000000500000052E874DEC2EF4BC003BA737A69983AC0827FE627E6304BC08B065B008ECF3AC060451F8B0E5F4BC04A558786B53F3CC0E19F0B47EB1D4CC0933A3EF990083CC052E874DEC2EF4BC003BA737A69983AC0FE');
INSERT INTO "wrs"("id","Geometry") VALUES('224080',X'0001E6100000C182FFC31C4D4CC07C836CB78DAF3DC05DF1D5B6565F4BC0E6B476E585083CC07C0300000001000000050000006D92559E111E4CC0E6B476E585083CC05DF1D5B6565F4BC0DAB0A4ACA03F3CC00523C2D6618E4BC07C836CB78DAF3DC0C182FFC31C4D4CC0095E8CE872783DC06D92559E111E4CC0E6B476E585083CC0FE');
INSERT INTO "wrs"("id","Geometry") VALUES('224081',X'0001E6100000387891E7487D4CC0016B40D2251F3FC080E62477B08E4BC0CBFCAFD666783DC07C0300000001000000050000001596B58A464D4CC0CBFCAFD666783DC080E62477B08E4BC0A5B40C0077AF3DC03512DFCDB2BE4BC0016B40D2251F3FC0387891E7487D4CC0C082E2A015E83EC01596B58A464D4CC0CBFCAFD666783DC0FE');
INSERT INTO "wrs"("id","Geometry") VALUES('224082',X'0001E6100000C29D4B3D86AE4CC0B633A2E13C4740C096F9B36E08BF4BC0F8EC877B08E83EC07C03000000010000000500000029EBCB67767D4CC0F8EC877B08E83EC096F9B36E08BF4BC022ED00150D1F3FC0AF7FA93D18F04BC0B633A2E13C4740C0C29D4B3D86AE4CC0C4DABE90BA2B40C029EBCB67767D4CC0F8EC877B08E83EC0FE');
INSERT INTO "wrs"("id","Geometry") VALUES('225058',X'0001E610000086229FFD377D49C005318955D17C0040DA635F98F19548C0528B94B75AC90D407C03000000010000000500000039068050D15549C0528B94B75AC90D40DA635F98F19548C0A8117AC3E10D0C4015CF074658BD48C005318955D17C004086229FFD377D49C0312499494A38024039068050D15549C0528B94B75AC90D40FE');
INSERT INTO "wrs"("id","Geometry") VALUES('225059',X'0001E610000060EAF77B8CA449C054A7333834AEE33F049DD5D652BD48C0493DFFF0423802407C0300000001000000050000007794F4CF347D49C0493DFFF042380240049DD5D652BD48C0073B1BC6C47C0040AAE52483AAE448C054A7333834AEE33F60EAF77B8CA449C0DDB8B8F02C9CEA3F7794F4CF347D49C0493DFFF042380240FE');
INSERT INTO "wrs"("id","Geometry") VALUES('225060',X'0001E61000008BE28711DCCB49C01CF5BED80497EABF9359C1E1A7E448C0AA35D78A1D9CEA3F7C0300000001000000050000004C9697D18AA449C0AA35D78A1D9CEA3F9359C1E1A7E448C0A5EBAAE61BAEE33FE0CCBF21F90B49C01CF5BED80497EABF8BE28711DCCB49C034907D1A03A9E3BF4C9697D18AA449C0AA35D78A1D9CEA3FFE');
INSERT INTO "wrs"("id","Geometry") VALUES('225061',X'0001E6100000591528492FF349C068C46CB4023702C0F5D9E64AF90B49C0DE13F29604A9E3BF7C03000000010000000500000084D560E8DBCB49C0DE13F29604A9E3BFF5D9E64AF90B49C004724A5C0397EABF75DE7EAB4C3349C068C46CB4023702C0591528492FF349C010F14AF9827B00C084D560E8DBCB49C0DE13F29604A9E3BFFE');
INSERT INTO "wrs"("id","Geometry") VALUES('225062',X'0001E6100000220C59B28E1A4AC0B34627A620C80DC06C34639F4F3349C0D68383DE7F7B00C07C030000000100000005000000AFFB06A130F349C0D68383DE7F7B00C06C34639F4F3349C038885AE1FB3602C07DCB48B0AD5A49C0B34627A620C80DC0220C59B28E1A4AC043DF4096A40C0CC0AFFB06A130F349C0D68383DE7F7B00C0FE');
INSERT INTO "wrs"("id","Geometry") VALUES('225063',X'0001E6100000DD3032EC02424AC05D9EA71E82AC14C07CE99472B35A49C095E5BCFD9D0C0CC07C0300000001000000050000007C8CE78C911A4AC095E5BCFD9D0C0CC07CE99472B35A49C01080A65613C80DC0A55A35D1248249C05D9EA71E82AC14C0DD3032EC02424AC0900A0B6AC7CE13C07C8CE78C911A4AC095E5BCFD9D0C0CC0FE');
INSERT INTO "wrs"("id","Geometry") VALUES('225064',X'0001E61000007ACF79B094694AC08FFD1C50CB741AC052CB14692D8249C0034DD25AC2CE13C07C030000000100000005000000C837FB4C07424AC0034DD25AC2CE13C052CB14692D8249C06F83663078AC14C0950AABCBBAA949C08FFD1C50CB741AC07ACF79B094694AC0C0FEC370159719C0C837FB4C07424AC0034DD25AC2CE13C0FE');
INSERT INTO "wrs"("id","Geometry") VALUES('225065',X'0001E6100000D1CF06DF4C914AC0DF2E4A39701E20C0215DDE43C6A949C0FB8644980E9719C07C03000000010000000500000068A7F39C9A694AC0FB8644980E9719C0215DDE43C6A949C0FE27EE0EBE741AC04775CA8478D149C0DF2E4A39701E20C0D1CF06DF4C914AC084968BF0305F1FC068A7F39C9A694AC0FB8644980E9719C0FE');
INSERT INTO "wrs"("id","Geometry") VALUES('225066',X'0001E61000006CE4888934B94AC0FFC74D035B0223C0B728C3EB86D149C07CE92C46285F1FC07C030000000100000005000000B584A15E54914AC07CE92C46285F1FC0B728C3EB86D149C04F1EE3E6671E20C0A105441567F949C0FFC74D035B0223C06CE4888934B94AC095500639879322C0B584A15E54914AC07CE92C46285F1FC0FE');
INSERT INTO "wrs"("id","Geometry") VALUES('225067',X'0001E6100000C3C2D9FF54E14AC02B94A13F20E625C0DC0C4C7D78F949C008326BF5819322C07C030000000100000005000000B23CC2A53DB94AC008326BF5819322C0DC0C4C7D78F949C01BAC85F4500223C07AB9BCD58F214AC02B94A13F20E625C0C3C2D9FF54E14AC060C94239517725C0B23CC2A53DB94AC008326BF5819322C0FE');
INSERT INTO "wrs"("id","Geometry") VALUES('225068',X'0001E6100000E1B1FBDCB7094BC0AD935A1FBAC928C05BBC2855A4214AC0BB9080004B7725C07C030000000100000005000000B24E58C45FE14AC0BB9080004B7725C05BBC2855A4214AC0DAF2906714E625C0ADE2E36BFC494AC0AD935A1FBAC928C0E1B1FBDCB7094BC0088040B0F05A28C0B24E58C45FE14AC0BB9080004B7725C0FE');
INSERT INTO "wrs"("id","Geometry") VALUES('225069',X'0001E610000016F3E91467324BC0F78E1EC922AD2BC0F3E0501D144A4AC04062497AE95A28C07C03000000010000000500000078EFAD57C4094BC04062497AE95A28C0F3E0501D144A4AC03C4DA06EACC928C0E80962D8B6724AC0F78E1EC922AD2BC016F3E91467324BC0E216F9CB5F3E2BC078EFAD57C4094BC04062497AE95A28C0FE');
INSERT INTO "wrs"("id","Geometry") VALUES('225070',X'0001E6100000D27C6A036D5B4BC044CBC95654902EC0CE4E00DBD1724AC09331588F573E2BC07C03000000010000000500000018AE2E5675324BC09331588F573E2BC0CE4E00DBD1724AC0B26DB52D13AD2BC0F107CD85C99B4AC044CBC95654902EC0D27C6A036D5B4BC0E2C5DDAE98212EC018AE2E5675324BC09331588F573E2BC0FE');
INSERT INTO "wrs"("id","Geometry") VALUES('225071',X'0001E610000063580B7CD4844BC08DB05969A4B930C07B13B9FDE79B4AC0B8E999608F212EC07C0300000001000000050000002BA03F1E7D5B4BC0B8E999608F212EC07B13B9FDE79B4AC01440D3BB42902EC02D54D0583FC54AC08DB05969A4B930C063580B7CD4844BC0683696B64A8230C02BA03F1E7D5B4BC0B8E999608F212EC0FE');
INSERT INTO "wrs"("id","Geometry") VALUES('225072',X'0001E6100000B65887DBA8AE4BC04BAA361AFD2A32C0B8BB7C6F61C54AC02FBC5380458230C07C030000000100000005000000A4564586E6844BC02FBC5380458230C0B8BB7C6F61C54AC0361E1E909AB930C0BDE7C2C123EF4AC04BAA361AFD2A32C0B65887DBA8AE4BC0D725E804A8F331C0A4564586E6844BC02FBC5380458230C0FE');
INSERT INTO "wrs"("id","Geometry") VALUES('225073',X'0001E61000005C03CA1AF6D84BC04B5C7F2E319C33C0E8D273A649EF4AC017F95138A2F331C07C030000000100000005000000BC7512EEBCAE4BC017F95138A2F331C0E8D273A649EF4AC05A609227F22A32C0ACFCE5CF82194BC04B5C7F2E319C33C05C03CA1AF6D84BC056D05E39E16433C0BC7512EEBCAE4BC017F95138A2F331C0FE');
INSERT INTO "wrs"("id","Geometry") VALUES('225074',X'0001E610000004EADBE3C8034CC0BE2D3B893D0D35C0519B40B8AC194BC0F58246CEDA6433C07C030000000100000005000000B636F7510CD94BC0F58246CEDA6433C0519B40B8AC194BC016BCF212259C33C0D59D944669444BC0BE2D3B893D0D35C004EADBE3C8034CC0AF7B553EF3D534C0B636F7510CD94BC0F58246CEDA6433C0FE');
INSERT INTO "wrs"("id","Geometry") VALUES('225075',X'0001E6100000342607A92E2F4CC04DD45FFD1E7E36C0792C486F97444BC00892772BECD534C07C0300000001000000050000004591B95FE1034CC00892772BECD534C0792C486F97444BC01EFF3D33300D35C0D727B7B4E46F4BC04DD45FFD1E7E36C0342607A92E2F4CC0B39F07EFDA4636C04591B95FE1034CC00892772BECD534C0FE');
INSERT INTO "wrs"("id","Geometry") VALUES('225076',X'0001E6100000A3878DBE355B4CC02AB0CB4AD2EE37C0D96F3E6217704BC0DC36EF29D34636C07C030000000100000005000000DC1AC88D492F4CC0DC36EF29D34636C0D96F3E6217704BC056242859107E36C06EBBD48E039C4BC02AB0CB4AD2EE37C0A3878DBE355B4CC07A75AB1495B737C0DC1AC88D492F4CC0DC36EF29D34636C0FE');
INSERT INTO "wrs"("id","Geometry") VALUES('225077',X'0001E6100000D85F6077ED874CC007EAC71A545F39C0DA81590E3B9C4BC067E48C918CB737C07C0300000001000000050000005F630135535B4CC067E48C918CB737C0DA81590E3B9C4BC069AC0E42C2EE37C092F9354CD5C84BC007EAC71A545F39C0D85F6077ED874CC050D50A631E2839C05F630135535B4CC067E48C918CB737C0FE');
INSERT INTO "wrs"("id","Geometry") VALUES('225080',X'0001E6100000E6ABB260E3124DC01886B0898DAF3DC055FE994F1D254CC0E9FD04B285083CC07C0300000001000000050000007049AD34D8E34CC0E9FD04B285083CC055FE994F1D254CC074FF9383A03F3CC015FB0E7628544CC01886B0898DAF3DC0E6ABB260E3124DC010F1F5AF72783DC07049AD34D8E34CC0E9FD04B285083CC0FE');
INSERT INTO "wrs"("id","Geometry") VALUES('225081',X'0001E6100000F816168B0F434DC085918F9F251F3FC0FBBC701677544CC06834179E66783DC07C0300000001000000050000007D2468270D134DC06834179E66783DC0FBBC701677544CC051344CD276AF3DC0CA0E2D7479844CC085918F9F251F3FC0F816168B0F434DC09245E26215E83EC07D2468270D134DC06834179E66783DC0FE');
INSERT INTO "wrs"("id","Geometry") VALUES('226057',X'0001E61000003D44A1669C1B4AC0667CDADCF40D0C40EC4316E7413449C06D918AE91BAD14407C03000000010000000500000042572C111EF449C06D918AE91BAD1440EC4316E7413449C0B05CB29263CF13407AE96C3DC05B49C0667CDADCF40D0C403D44A1669C1B4AC092E3B68B65C90D4042572C111EF449C06D918AE91BAD1440FE');
INSERT INTO "wrs"("id","Geometry") VALUES('226058',X'0001E610000049EB315EFE424AC074BDBE53D17C00402179A8F9B75B49C05BF8D7AA5AC90D407C030000000100000005000000DB55B8B1971B4AC05BF8D7AA5AC90D402179A8F9B75B49C0A793BEC2E10D0C40E2B6C5A61E8349C074BDBE53D17C004049EB315EFE424AC0CC2B4D404A380240DB55B8B1971B4AC05BF8D7AA5AC90D40FE');
INSERT INTO "wrs"("id","Geometry") VALUES('226059',X'0001E6100000740D29DC526A4AC0F86D713434AEE33FFB849337198349C0A667B3E7423802407C0300000001000000050000008E5E8730FB424AC0A667B3E742380240FB849337198349C0D6F850C4C47C0040F7639BE370AA49C0F86D713434AEE33F740D29DC526A4AC02835F3E02C9CEA3F8E5E8730FB424AC0A667B3E742380240FE');
INSERT INTO "wrs"("id","Geometry") VALUES('226060',X'0001E610000051FE9A71A2914AC0A0A77AD10497EABF4ED837426EAA49C0D2D2117B1D9CEA3F7C0300000001000000050000004FBAC831516A4AC0D2D2117B1D9CEA3F4ED837426EAA49C0ADD2E8E21BAEE33FA28D3282BFD149C0A0A77AD10497EABF51FE9A71A2914AC07C7C380D03A9E3BF4FBAC831516A4AC0D2D2117B1D9CEA3FFE');
INSERT INTO "wrs"("id","Geometry") VALUES('226061',X'0001E61000000A6E60A9F5B84AC01CD8F2AD023702C0A99A59ABBFD149C0D500AD8904A9E3BF7C03000000010000000500000064F17348A2914AC0D500AD8904A9E3BFA99A59ABBFD149C0A22206550397EABF7C77310C13F949C01CD8F2AD023702C00A6E60A9F5B84AC0E379D0EC827B00C064F17348A2914AC0D500AD8904A9E3BFFE');
INSERT INTO "wrs"("id","Geometry") VALUES('226062',X'0001E610000026B2FA1255E04AC075B21D9920C80DC025CC150016F949C02A0309D27F7B00C07C0300000001000000050000003C8A3F01F7B84AC02A0309D27F7B00C025CC150016F949C08581E0DAFB3602C095037F1174204AC075B21D9920C80DC026B2FA1255E04AC0A00EB87EA40C0CC03C8A3F01F7B84AC02A0309D27F7B00C0FE');
INSERT INTO "wrs"("id","Geometry") VALUES('226063',X'0001E61000008DDD804DC9074BC0D9BDE71382AC14C03D1ECBD379204AC0A6EF33E69D0C0CC07C030000000100000005000000BB2F89ED57E04AC0A6EF33E69D0C0CC03D1ECBD379204AC0CF959C4913C80DC04F5B3333EB474AC0D9BDE71382AC14C08DDD804DC9074BC06885CD57C7CE13C0BB2F89ED57E04AC0A6EF33E69D0C0CC0FE');
INSERT INTO "wrs"("id","Geometry") VALUES('226064',X'0001E6100000E8F3B9125B2F4BC00DD92E40CB741AC0D2C512CBF3474AC0219E9448C2CE13C07C0300000001000000050000009DDF49AECD074BC0219E9448C2CE13C0D2C512CBF3474AC00049A62578AC14C09892B52E816F4AC00DD92E40CB741AC0E8F3B9125B2F4BC0D2FF1B57159719C09DDF49AECD074BC0219E9448C2CE13C0FE');
INSERT INTO "wrs"("id","Geometry") VALUES('226065',X'0001E61000009C917D4213574BC04A65422E701E20C04DDBE8A68C6F4AC0F63D9C7E0E9719C07C0300000001000000050000006FC433FF602F4BC0F63D9C7E0E9719C04DDBE8A68C6F4AC04169FFFEBD741AC0570C27E93E974AC04A65422E701E20C09C917D4213574BC0244288CE305F1FC06FC433FF602F4BC0F63D9C7E0E9719C0FE');
INSERT INTO "wrs"("id","Geometry") VALUES('226066',X'0001E6100000971B7CEEFA7E4BC00EA9BBF45A0223C059B11F504D974AC00E212924285F1FC07C030000000100000005000000110518C21A574BC00E212924285F1FC059B11F504D974AC079DEDADB671E20C08FFA387B2DBF4AC00EA9BBF45A0223C0971B7CEEFA7E4BC048C45E23879322C0110518C21A574BC00E212924285F1FC0FE');
INSERT INTO "wrs"("id","Geometry") VALUES('226067',X'0001E6100000050C91661BA74BC0A06D0B2D20E625C0CD2441E33EBF4AC0BF51C3DF819322C07C030000000100000005000000D19CB50A047F4BC0BF51C3DF819322C0CD2441E33EBF4AC080E4F2E5500223C08735923D56E74AC0A06D0B2D20E625C0050C91661BA74BC06D4E7D1E517725C0D19CB50A047F4BC0BF51C3DF819322C0FE');
INSERT INTO "wrs"("id","Geometry") VALUES('226068',X'0001E61000002126BF457ECF4BC0A5914608BAC928C0DD1DFEBC6AE74AC0B2A2BAE54A7725C07C030000000100000005000000C1850F2B26A74BC0B2A2BAE54A7725C0DD1DFEBC6AE74AC07FE7F95414E625C057D7E2D5C20F4BC0A5914608BAC928C02126BF457ECF4BC06627E58FF05A28C0C1850F2B26A74BC0B2A2BAE54A7725C0FE');
INSERT INTO "wrs"("id","Geometry") VALUES('226069',X'0001E6100000521904802DF84BC08CAC12AD22AD2BC057B34F87DA0F4BC00472ED59E95A28C07C030000000100000005000000B38371C08ACF4BC00472ED59E95A28C057B34F87DA0F4BC007208B57ACC928C0B74AD5447D384BC08CAC12AD22AD2BC0521904802DF84BC0A9FF8FA55F3E2BC0B38371C08ACF4BC00472ED59E95A28C0FE');
INSERT INTO "wrs"("id","Geometry") VALUES('226070',X'0001E6100000EA07277133214CC09DC04B3554902EC0612D734798384BC07E58EE68573E2BC07C030000000100000005000000D5B748C13BF84BC07E58EE68573E2BC0612D734798384BC0FA0EA81113AD2BC01F5101F58F614BC09DC04B3554902EC0EA07277133214CC0590BEF8198212EC0D5B748C13BF84BC07E58EE68573E2BC0FE');
INSERT INTO "wrs"("id","Geometry") VALUES('226071',X'0001E61000000143B8EC9A4A4CC05B47A455A4B930C005F0EC6CAE614BC0FE3CAA338F212EC07C0300000001000000050000007DD1FB8B43214CC0FE3CAA338F212EC005F0EC6CAE614BC07D5C539A42902EC0198D14CB058B4BC05B47A455A4B930C00143B8EC9A4A4CC0F008A09C4A8230C07DD1FB8B43214CC0FE3CAA338F212EC0FE');
INSERT INTO "wrs"("id","Geometry") VALUES('226072',X'0001E61000003BF3744F6F744CC0A6554D03FD2A32C000B3C0E1278B4BC02CFA5C66458230C07C0300000001000000050000004C17F2F6AC4A4CC02CFA5C66458230C000B3C0E1278B4BC01694677C9AB930C06E696837EAB44BC0A6554D03FD2A32C03BF3744F6F744CC0741137E7A7F331C04C17F2F6AC4A4CC02CFA5C66458230C0FE');
INSERT INTO "wrs"("id","Geometry") VALUES('226073',X'0001E6100000E7054B92BC9E4CC0E94E2414319C33C036CE181C10B54BC03B31A01AA2F331C07C0300000001000000050000001DDEFF6183744CC03B31A01AA2F331C036CE181C10B54BC0AEAFA710F22A32C0E2DC404949DF4BC0E94E2414319C33C0E7054B92BC9E4CC06998B617E16433C01DDEFF6183744CC03B31A01AA2F331C0FE');
INSERT INTO "wrs"("id","Geometry") VALUES('226074',X'0001E6100000A79E465F8FC94CC0B544306B3D0D35C0551C9B3173DF4BC0DC749DACDA6433C07C030000000100000005000000C53478C9D29E4CC0DC749DACDA6433C0551C9B3173DF4BC0791096F8249C33C01AFFFBC32F0A4CC0B544306B3D0D35C0A79E465F8FC94CC0DFAD7918F3D534C0C53478C9D29E4CC0DC749DACDA6433C0FE');
INSERT INTO "wrs"("id","Geometry") VALUES('226075',X'0001E61000009E72B428F5F44CC0AA8466DB1E7E36C0741CAFEC5D0A4CC03CC79A05ECD534C07C030000000100000005000000D9FF23DBA7C94CC03CC79A05ECD534C0741CAFEC5D0A4CC0D32D3115300D35C053908536AB354CC0AA8466DB1E7E36C09E72B428F5F44CC0B381BBC4DA4636C0D9FF23DBA7C94CC03CC79A05ECD534C0FE');
INSERT INTO "wrs"("id","Geometry") VALUES('227058',X'0001E6100000607537BEC4084BC064D2204BD17C00404FA8C35A7E214AC0D113CA915AC90D407C03000000010000000500000005AA73125EE14AC0D113CA915AC90D404FA8C35A7E214AC0E8B466B6E10D0C40E8574507E5484AC064D2204BD17C0040607537BEC4084BC0C6ED772F4A38024005AA73125EE14AC0D113CA915AC90D40FE');
INSERT INTO "wrs"("id","Geometry") VALUES('227059',X'0001E61000008D16BD3B19304BC07628892834AEE33F605F1398DF484AC0674FDED6423802407C0300000001000000050000004BEB8C90C1084BC0674FDED642380240605F1398DF484AC05844B3BBC47C0040598DC34337704AC07628892834AEE33F8D16BD3B19304BC09E102CC62C9CEA3F4BEB8C90C1084BC0674FDED642380240FE');
INSERT INTO "wrs"("id","Geometry") VALUES('227060',X'0001E6100000A19F00D168574BC08D6934BF0497EABF2E3A60A234704AC07BD54A601D9CEA3F7C03000000010000000500000005C55C9117304BC07BD54A601D9CEA3F2E3A60A234704AC09FB700D71BAEE33F80F846E285974AC08D6934BF0497EABFA19F00D168574BC08F3FD2F702A9E3BF05C55C9117304BC07BD54A601D9CEA3FFE');
INSERT INTO "wrs"("id","Geometry") VALUES('227061',X'0001E61000005D7ADB08BC7E4BC0CB5DEF9F023702C06A056E0B86974AC0F7C3467404A9E3BF7C030000000100000005000000DFC9D9A768574BC0F7C3467404A9E3BF6A056E0B86974AC04CE3BF420397EABF3C75756CD9BE4AC0CB5DEF9F023702C05D7ADB08BC7E4BC0F62886D9827B00C0DFC9D9A768574BC0F7C3467404A9E3BFFE');
INSERT INTO "wrs"("id","Geometry") VALUES('227062',X'0001E61000005A69CE721BA64BC01364C37F20C80DC068905960DCBE4AC00AAABEBE7F7B00C07C030000000100000005000000E95DBA60BD7E4BC00AAABEBE7F7B00C068905960DCBE4AC0ACEFDCCCFB3602C0633F36723AE64AC01364C37F20C80DC05A69CE721BA64BC0E7EF995BA40C0CC0E95DBA60BD7E4BC00AAABEBE7F7B00C0FE');
INSERT INTO "wrs"("id","Geometry") VALUES('227063',X'0001E6100000C3F9F0AD8FCD4BC018599D0082AC14C05D1D823440E64AC06FAE15C39D0C0CC07C03000000010000000500000004AC5C4D1EA64BC06FAE15C39D0C0CC05D1D823440E64AC0FCF6413013C80DC0F69EA194B10D4BC018599D0082AC14C0C3F9F0AD8FCD4BC08228643DC7CE13C004AC5C4D1EA64BC06FAE15C39D0C0CC0FE');
INSERT INTO "wrs"("id","Geometry") VALUES('227064',X'0001E610000018A40A7421F54BC0E8F35525CB741AC0BA36812CBA0D4BC0B4192B2EC2CE13C07C0300000001000000050000002AF5B90E94CD4BC0B4192B2EC2CE13C0BA36812CBA0D4BC08C8E5B1278AC14C02CD51F9147354BC0E8F35525CB741AC018A40A7421F54BC0BEFDE832159719C02AF5B90E94CD4BC0B4192B2EC2CE13C0FE');
INSERT INTO "wrs"("id","Geometry") VALUES('227065',X'0001E61000004477F3A4D91C4CC04F50961C701E20C0480F530953354BC0C6F4685A0E9719C07C030000000100000005000000C66A846027F54BC0C6F4685A0E9719C0480F530953354BC089EF25E4BD741AC08225D24C055D4BC04F50961C701E20C04477F3A4D91C4CC0E83F9D9F305F1FC0C66A846027F54BC0C6F4685A0E9719C0FE');
INSERT INTO "wrs"("id","Geometry") VALUES('227066',X'0001E6100000B0595D52C1444CC066C457DE5A0223C020B6CAB3135D4BC091AE3DF5275F1FC07C03000000010000000500000026148E24E11C4CC091AE3DF5275F1FC020B6CAB3135D4BC0D8562ECA671E20C0598F6BE0F3844BC066C457DE5A0223C0B0595D52C1444CC0A1891606879322C026148E24E11C4CC091AE3DF5275F1FC0FE');
INSERT INTO "wrs"("id","Geometry") VALUES('227067',X'0001E61000002C3324CCE16C4CC01DB5771120E625C0659E734805854BC079C57AC2819322C07C0300000001000000050000001AC9966ECA444CC079C57AC2819322C0659E734805854BC08D5B8ECF500223C0243793A41CAD4BC01DB5771120E625C02C3324CCE16C4CC00109ECFA507725C01AC9966ECA444CC079C57AC2819322C0FE');
INSERT INTO "wrs"("id","Geometry") VALUES('227068',X'0001E610000016484CAD44954CC0A21C0BE7B9C928C05A33FF2331AD4BC007ED28C24A7725C07C030000000100000005000000445FA290EC6C4CC007ED28C24A7725C05A33FF2331AD4BC0654F653914E625C0AD73FB3E89D54BC0A21C0BE7B9C928C016484CAD44954CC0ACE09465F05A28C0445FA290EC6C4CC007ED28C24A7725C0FE');
INSERT INTO "wrs"("id","Geometry") VALUES('227069',X'0001E610000083CCD4E9F3BD4CC03C9EB78522AD2BC07A2368F0A0D54BC0FF969C2FE95A28C07C0300000001000000050000007B52FE2751954CC0FF969C2FE95A28C07A2368F0A0D54BC002864E36ACC928C0E0A54FB043FE4BC03C9EB78522AD2BC083CCD4E9F3BD4CC0FE0B0B745F3E2BC07B52FE2751954CC0FF969C2FE95A28C0FE');
INSERT INTO "wrs"("id","Geometry") VALUES('227070',X'0001E610000000A386DDF9E64CC0D135590754902EC0E751EDB25EFE4BC0D4A66837573E2BC07C0300000001000000050000008D48192B02BE4CC0D4A66837573E2BC0E751EDB25EFE4BC0798B4BEA12AD2BC0A0A0296356274CC0D135590754902EC000A386DDF9E64CC0FEF7BF4898212EC08D48192B02BE4CC0D4A66837573E2BC0FE');
INSERT INTO "wrs"("id","Geometry") VALUES('227071',X'0001E61000007F1DF45B61104DC06644233BA4B930C0F9FC14DB74274CC0DA3B7AFA8E212EC07C030000000100000005000000FF425BF809E74CC0DA3B7AFA8E212EC0F9FC14DB74274CC0E5005F6C42902EC04F21393CCC504CC06644233BA4B930C07F1DF45B61104DC0F7C7F87B4A8230C0FF425BF809E74CC0DA3B7AFA8E212EC0FE');
INSERT INTO "wrs"("id","Geometry") VALUES('227072',X'0001E6100000DAA8DCC1353A4DC0FC7B08E5FC2A32C00DF7E452EE504CC03627B545458230C07C03000000010000000500000033892D6673104DC03627B545458230C00DF7E452EE504CC0D374E5619AB930C00FF3D9ABB07A4CC0FC7B08E5FC2A32C0DAA8DCC1353A4DC09B7745C2A7F331C033892D6673104DC03627B545458230C0FE');
INSERT INTO "wrs"("id","Geometry") VALUES('227073',X'0001E61000004DBE300883644DC07D5DDFF1309C33C031F88990D67A4CC0CFE6ADF5A1F331C07C030000000100000005000000065967D4493A4DC0CFE6ADF5A1F331C031F88990D67A4CC03B7F61F2F12A32C0B8B652C10FA54CC07D5DDFF1309C33C04DBE300883644DC010FC3FEEE06433C0065967D4493A4DC0CFE6ADF5A1F331C0FE');
INSERT INTO "wrs"("id","Geometry") VALUES('227074',X'0001E6100000455BFFD8558F4DC079C2AE443D0D35C0DC84ACA939A54CC09C052683DA6433C07C0300000001000000050000002EA85D3F99644DC09C052683DA6433C0DC84ACA939A54CC0A9864FD6249C33C02C7D0440F6CF4CC079C2AE443D0D35C0455BFFD8558F4DC0524D43EAF2D534C02EA85D3F99644DC09C052683DA6433C0FE');
INSERT INTO "wrs"("id","Geometry") VALUES('227075',X'0001E6100000B45D98A6BBBA4DC012AE6BB01E7E36C02115B76824D04CC0676D63D7EBD534C07C030000000100000005000000D16BDC546E8F4DC0676D63D7EBD534C02115B76824D04CC0EDC9ADEE2F0D35C03254DEB671FB4CC012AE6BB01E7E36C0B45D98A6BBBA4DC0F7708A91DA4636C0D16BDC546E8F4DC0676D63D7EBD534C0FE');
INSERT INTO "wrs"("id","Geometry") VALUES('228058',X'0001E610000076E55E1D8BCE4BC0990AB13BD17C004037755FBB44E74AC0F8876F6C5AC90D407C030000000100000005000000F25E607224A74BC0F8876F6C5AC90D4037755FBB44E74AC0BEC1749EE10D0C4009C03567AB0E4BC0990AB13BD17C004076E55E1D8BCE4BC0878C1C174A380240F25E607224A74BC0F8876F6C5AC90D40FE');
INSERT INTO "wrs"("id","Geometry") VALUES('228059',X'0001E6100000B8D4629ADFF54BC0F00D7D1434AEE33F23CC03F8A50E4BC0E51683BE423802407C030000000100000005000000545FB4EF87CE4BC0E51683BE4238024023CC03F8A50E4BC03CB843ACC47C0040915E4CA3FD354BC0F00D7D1434AEE33FB8D4629ADFF54BC0AA4768A02C9CEA3F545FB4EF87CE4BC0E51683BE42380240FE');
INSERT INTO "wrs"("id","Geometry") VALUES('228060',X'0001E6100000CB11682F2F1D4CC0B8A1EFA10497EABF010EE901FB354BC00B3A873A1D9CEA3F7C0300000001000000050000007A8502F0DDF54BC00B3A873A1D9CEA3F010EE901FB354BC08ED1F4C21BAEE33F36B3AB414C5D4BC0B8A1EFA10497EABFCB11682F2F1D4CC088D54EDA02A9E3BF7A8502F0DDF54BC00B3A873A1D9CEA3FFE');
INSERT INTO "wrs"("id","Geometry") VALUES('228061',X'0001E61000003CD6476782444CC06AF1648A023702C0F788D26A4C5D4BC06759C35604A9E3BF7C030000000100000005000000463C41062F1D4CC06759C35604A9E3BFF788D26A4C5D4BC0D11A7B250397EABF777DF9CB9F844BC06AF1648A023702C03CD6476782444CC0D8956FBF827B00C0463C41062F1D4CC06759C35604A9E3BFFE');
INSERT INTO "wrs"("id","Geometry") VALUES('228062',X'0001E610000070F282D1E16B4CC00B141D5A20C80DC0E894DDBFA2844BC00610A8A47F7B00C07C03000000010000000500000090B726BF83444CC00610A8A47F7B00C0E894DDBFA2844BC09D6E52B7FB3602C034131DD200AC4BC00B141D5A20C80DC070F282D1E16B4CC01A0DED2CA40C0CC090B726BF83444CC00610A8A47F7B00C0FE');
INSERT INTO "wrs"("id","Geometry") VALUES('228063',X'0001E6100000DDF0300D56934CC0A907CCE481AC14C01CE9689406AC4BC0F4AB68949D0C0CC07C030000000100000005000000FC2F11ACE46B4CC0F4AB68949D0C0CC01CE9689406AC4BC0305C9B0A13C80DC036072FF577D34BC0A907CCE481AC14C0DDF0300D56934CC0E7DED31AC7CE13C0FC2F11ACE46B4CC0F4AB68949D0C0CC0FE');
INSERT INTO "wrs"("id","Geometry") VALUES('228064',X'0001E61000005D221AD4E7BA4CC0E04D97FFCA741AC0BB910E8D80D34BC0C8AA9A0BC2CE13C07C030000000100000005000000CC1AFA6D5A934CC0C8AA9A0BC2CE13C0BB910E8D80D34BC0B2EB89F677AC14C0271798F20DFB4BC0E04D97FFCA741AC05D221AD4E7BA4CC00EB63104159719C0CC1AFA6D5A934CC0C8AA9A0BC2CE13C0FE');
INSERT INTO "wrs"("id","Geometry") VALUES('228065',X'0001E61000004D311706A0E24CC05B3A4904701E20C0F13DCB6A19FB4BC00569B12B0E9719C07C030000000100000005000000BA1394C0EDBA4CC00569B12B0E9719C0F13DCB6A19FB4BC0BCBA66BEBD741AC0E6377AAFCB224CC05B3A4904701E20C04D311706A0E24CC04D4CD363305F1FC0BA1394C0EDBA4CC00569B12B0E9719C0FE');
INSERT INTO "wrs"("id","Geometry") VALUES('228066',X'0001E61000008866DAB4870A4DC0514526C05A0223C02AAE7216DA224CC0A54E73B9275F1FC07C03000000010000000500000089BDB185A7E24CC0A54E73B9275F1FC02AAE7216DA224CC0ECD1E0B1671E20C04D4D8944BA4A4CC0514526C05A0223C08866DAB4870A4DC0761433E1869322C089BDB185A7E24CC0A54E73B9275F1FC0FE');
INSERT INTO "wrs"("id","Geometry") VALUES('228067',X'0001E610000021E64030A8324DC02E8DEBEC1FE625C0ED3991ACCB4A4CC01C01979D819322C07C03000000010000000500000061C013D1900A4DC01C01979D819322C0ED3991ACCB4A4CC0B63C5CB1500223C0A6966D0AE3724CC02E8DEBEC1FE625C021E64030A8324DC0989895CE507725C061C013D1900A4DC01C01979D819322C0FE');
INSERT INTO "wrs"("id","Geometry") VALUES('228068',X'0001E6100000B13050130B5B4DC0D364AEBBB9C928C03C67D989F7724CC0490FD2954A7725C07C03000000010000000500000016F7BEF4B2324DC0490FD2954A7725C03C67D989F7724CC04F4DD81414E625C07086DAA64F9B4CC0D364AEBBB9C928C0B13050130B5B4DC0DC8C5731F05A28C016F7BEF4B2324DC0490FD2954A7725C0FE');
INSERT INTO "wrs"("id","Geometry") VALUES('228069',X'0001E610000023F10852BA834DC014B8145322AD2BC025004758679B4CC060B25EFBE85A28C07C030000000100000005000000B519028E175B4DC060B25EFBE85A28C025004758679B4CC084AFF00AACC928C040B07D1A0AC44CC014B8145322AD2BC023F10852BA834DC0637473375F3E2BC0B519028E175B4DC060B25EFBE85A28C0FE');
INSERT INTO "wrs"("id","Geometry") VALUES('228070',X'0001E6100000E0813548C0AC4DC01FB9FACC53902EC0501A1B1D25C44CC03C55D0FA563E2BC07C030000000100000005000000C1444D93C8834DC03C55D0FA563E2BC0501A1B1D25C44CC07A37A7B712AD2BC0860BF2CF1CED4CC01FB9FACC53902EC0E0813548C0AC4DC0A0315B0398212EC0C1444D93C8834DC03C55D0FA563E2BC0FE');
INSERT INTO "wrs"("id","Geometry") VALUES('228071',X'0001E6100000BDCA6AC927D64DC01B97DB19A4B930C07318DD473BED4CC05F8C14B58E212EC07C03000000010000000500000085280A63D0AC4DC05F8C14B58E212EC07318DD473BED4CC0DABBFE3142902EC06B97E9AB92164DC01B97DB19A4B930C0BDCA6AC927D64DC00088A6544A8230C085280A63D0AC4DC05F8C14B58E212EC0FE');
INSERT INTO "wrs"("id","Geometry") VALUES('228072',X'0001E6100000DDC56932FCFF4DC02DC06DBFFC2A32C08ED794C2B4164DC0E857621E458230C07C03000000010000000500000037FDA3D339D64DC0E857621E458230C08ED794C2B4164DC00CB09C409AB930C0BA6DC21E77404DC02DC06DBFFC2A32C0DDC56932FCFF4DC051391A96A7F331C037FDA3D339D64DC0E857621E458230C0FE');
INSERT INTO "wrs"("id","Geometry") VALUES('229058',X'0001E610000006E4567B51944CC0E7457225D17C00404E422A1B0BAD4BC07149CF3A5AC90D407C0300000001000000050000007F9E2DD1EA6C4CC07149CF3A5AC90D404E422A1B0BAD4BC09B2FED7AE10D0C40277345C671D44BC0E7457225D17C004006E4567B51944CC022913FF7493802407F9E2DD1EA6C4CC07149CF3A5AC90D40FE');
INSERT INTO "wrs"("id","Geometry") VALUES('229059',X'0001E61000000704C9F7A5BB4CC021DA50F833AEE33F1B8613576CD44BC02A47A69E423802407C0300000001000000050000002363AC4D4E944CC02A47A69E423802401B8613576CD44BC052340596C47C00404C7EE401C4FB4BC021DA50F833AEE33F0704C9F7A5BB4CC096E2AE6F2C9CEA3F2363AC4D4E944CC02A47A69E42380240FE');
INSERT INTO "wrs"("id","Geometry") VALUES('229060',X'0001E61000001718808CF5E24CC05EC3B1790497EABF6EFA8060C1FB4BC0C508CE091D9CEA3F7C030000000100000005000000BFEE684DA4BB4CC0C508CE091D9CEA3F6EFA8060C1FB4BC035DCC8A61BAEE33F219B0FA012234CC05EC3B1790497EABF1718808CF5E24CC06CBDB3B402A9E3BFBFEE684DA4BB4CC0C508CE091D9CEA3FFE');
INSERT INTO "wrs"("id","Geometry") VALUES('229061',X'0001E6100000838454C4480A4DC0CB95576D023702C0A37036C912234CC01E40283104A9E3BF7C030000000100000005000000E90B5963F5E24CC01E40283104A9E3BFA37036C912234CC06F3C3DFD0297EABF152A6C2A664A4CC0CB95576D023702C0838454C4480A4DC0229C919E827B00C0E90B5963F5E24CC01E40283104A9E3BFFE');
INSERT INTO "wrs"("id","Geometry") VALUES('229062',X'0001E6100000CE0BC72EA8314DC013C5312820C80DC09173501E694A4CC0B910CA837F7B00C07C0300000001000000050000001363331C4A0A4DC0B910CA837F7B00C09173501E694A4CC03501459AFB3602C0F104E230C7714CC013C5312820C80DC0CE0BC72EA8314DC03917BAF2A30C0CC01363331C4A0A4DC0B910CA837F7B00C0FE');
INSERT INTO "wrs"("id","Geometry") VALUES('229063',X'0001E6100000940CF06A1C594DC098F778C081AC14C065072EF3CC714CC03E99355A9D0C0CC07C030000000100000005000000107A5509AB314DC03E99355A9D0C0CC065072EF3CC714CC029C8AFD812C80DC0CBF989543E994CC098F778C081AC14C0940CF06A1C594DC0371823F0C6CE13C0107A5509AB314DC03E99355A9D0C0CC0FE');
INSERT INTO "wrs"("id","Geometry") VALUES('229064',X'0001E61000006D909732AE804DC039EEF9CECA741AC0877369EC46994CC0FDC0E9E0C1CE13C07C03000000010000000500000048F5B8CB20594DC0FDC0E9E0C1CE13C0877369EC46994CC08C8E36D277AC14C07393CC52D4C04CC039EEF9CECA741AC06D909732AE804DC0BCDBFECA149719C048F5B8CB20594DC0FDC0E9E0C1CE13C0FE');
INSERT INTO "wrs"("id","Geometry") VALUES('229065',X'0001E6100000070B976566A84DC0D3A95FE56F1E20C036A2FFCADFC04CC0B44D7EF20D9719C07C0300000001000000050000001C3C111FB4804DC0B44D7EF20D9719C036A2FFCADFC04CC030D2C88DBD741AC0BB45CD1092E84CC0D3A95FE56F1E20C0070B976566A84DC06689351B305F1FC01C3C111FB4804DC0B44D7EF20D9719C0FE');
INSERT INTO "wrs"("id","Geometry") VALUES('229066',X'0001E61000009E84A1154ED04DC01DCB2C9A5A0223C0B89BC577A0E84CC06623D570275F1FC07C0300000001000000050000008F8331E56DA84DC06623D570275F1FC0B89BC577A0E84CC031D6F692671E20C0EC2740A780104DC01DCB2C9A5A0223C09E84A1154ED04DC02F43BBB4869322C08F8331E56DA84DC06623D570275F1FC0FE');
INSERT INTO "wrs"("id","Geometry") VALUES('229067',X'0001E6100000B7E394926EF84DC00BC46DBF1FE625C0F9B3470F92104DC020E31E71819322C07C03000000010000000500000027C5DA3157D04DC020E31E71819322C0F9B3470F92104DC06127628B500223C0B4BDCE6EA9384DC00BC46DBF1FE625C0B7E394926EF84DC0A53E8299507725C027C5DA3157D04DC020E31E71819322C0FE');
INSERT INTO "wrs"("id","Geometry") VALUES('229068',X'0001E6100000E07B7877D1204EC02F7D3886B9C928C036233AEEBD384DC0024BBE604A7725C07C030000000100000005000000130C135779F84DC0024BBE604A7725C036233AEEBD384DC092AF59E713E625C04CBE2D0D16614DC02F7D3886B9C928C0E07B7877D1204EC013E636F3EF5A28C0130C135779F84DC0024BBE604A7725C0FE');
INSERT INTO "wrs"("id","Geometry") VALUES('229069',X'0001E6100000FDB64DB880494EC0D167331522AD2BC00FF899BE2D614DC04D7E3DBDE85A28C07C030000000100000005000000563E2AF2DD204EC04D7E3DBDE85A28C00FF899BE2D614DC0C9AF79D5ABC928C0F93C0C83D0894DC0D167331522AD2BC0FDB64DB880494EC03981D4EF5E3E2BC0563E2AF2DD204EC04D7E3DBDE85A28C0FE');
INSERT INTO "wrs"("id","Geometry") VALUES('229070',X'0001E6100000D4CCE0B086724EC0D7283B8653902EC0C959A985EB894DC041AC30B3563E2BC07C03000000010000000500000045DC91F98E494EC041AC30B3563E2BC0C959A985EB894DC00681C47912AD2BC028B2063BE3B24DC0D7283B8653902EC0D4CCE0B086724EC029A4CDB197212EC045DC91F98E494EC041AC30B3563E2BC0FE');
INSERT INTO "wrs"("id","Geometry") VALUES('229071',X'0001E61000000A80C834EE9B4EC0D471D3F1A3B930C0DC99F1B201B34DC09A1A86638E212EC07C0300000001000000050000006A3CB5CB96724EC09A1A86638E212EC0DC99F1B201B34DC00C6C3DEB41902EC0A7BCD11959DC4DC0D471D3F1A3B930C00A80C834EE9B4EC0789BB0264A8230C06A3CB5CB96724EC09A1A86638E212EC0FE');
INSERT INTO "wrs"("id","Geometry") VALUES('230059',X'0001E610000021499F536C814DC016CC09D433AEE33FE870F1B4329A4CC01BCF4D77423802407C030000000100000005000000A80F24AA145A4DC01BCF4D7742380240E870F1B4329A4CC0F8DCFB78C47C0040F3DF3A5F8AC14CC016CC09D433AEE33F21499F536C814DC003F408342C9CEA3FA80F24AA145A4DC01BCF4D7742380240FE');
INSERT INTO "wrs"("id","Geometry") VALUES('230060',X'0001E6100000EAFCF7E7BBA84DC0F94C82460497EABFD860D7BD87C14CC0325428CE1C9CEA3F7C03000000010000000500000081373FA96A814DC0325428CE1C9CEA3FD860D7BD87C14CC0841682821BAEE33FC57221FDD8E84CC0F94C82460497EABFEAFCF7E7BBA84DC0C0F7078702A9E3BF81373FA96A814DC0325428CE1C9CEA3FFE');
INSERT INTO "wrs"("id","Geometry") VALUES('230061',X'0001E6100000D1C7B01F0FD04DC0D5B3CC48023702C0F37E4826D9E84CC0B2787C0304A9E3BF7C03000000010000000500000019F1D0BEBBA84DC0B2787C0304A9E3BFF37E4826D9E84CC09EC60DCA0297EABFACEA7C872C104DC0D5B3CC48023702C0D1C7B01F0FD04DC09C5AF276827B00C019F1D0BEBBA84DC0B2787C0304A9E3BFFE');
INSERT INTO "wrs"("id","Geometry") VALUES('230062',X'0001E6100000FB5B4A8A6EF74DC0CDC20AEA1FC80DC0032E617B2F104DC0F2CA2A5C7F7B00C07C03000000010000000500000011A38F7710D04DC0F2CA2A5C7F7B00C0032E617B2F104DC05810BA75FB3602C0E374348E8D374DC0CDC20AEA1FC80DC0FB5B4A8A6EF74DC0A2E40BADA30C0CC011A38F7710D04DC0F2CA2A5C7F7B00C0FE');
INSERT INTO "wrs"("id","Geometry") VALUES('230063',X'0001E6100000F438DDC6E21E4EC073ECAA9381AC14C08E6A805093374DC0B54C87149D0C0CC07C030000000100000005000000CBC2D86471F74DC0B54C87149D0C0CC08E6A805093374DC09386889A12C80DC09C4D61B2045F4DC073ECAA9381AC14C0F438DDC6E21E4EC077C759BDC6CE13C0CBC2D86471F74DC0B54C87149D0C0CC0FE');
INSERT INTO "wrs"("id","Geometry") VALUES('230064',X'0001E6100000E5BA318F74464EC069E28693CA741AC0147C404A0D5F4DC0634F20AEC1CE13C07C0300000001000000050000009E15A627E71E4EC0634F20AEC1CE13C0147C404A0D5F4DC0B13A68A577AC14C0E1646CB19A864DC069E28693CA741AC0E5BA318F74464EC037155B87149719C09E15A627E71E4EC0634F20AEC1CE13C0FE');
INSERT INTO "wrs"("id","Geometry") VALUES('230065',X'0001E6100000C9D321C32C6E4EC04560DFBF6F1E20C0E6569F29A6864DC05149DAAE0D9719C07C0300000001000000050000007555AB7B7A464EC05149DAAE0D9719C0E6569F29A6864DC077435552BD741AC09AC8797058AE4DC04560DFBF6F1E20C0C9D321C32C6E4EC0B17CD1C52F5F1FC07555AB7B7A464EC05149DAAE0D9719C0FE');
INSERT INTO "wrs"("id","Geometry") VALUES('230066',X'0001E6100000BD45617414964EC0EC67726C5A0223C064F871D766AE4DC06EB2701B275F1FC07C0300000001000000050000008635BC42346E4EC06EB2701B275F1FC064F871D766AE4DC04425766D671E20C00D573E0847D64DC0EC67726C5A0223C0BD45617414964EC08F5DB780869322C08635BC42346E4EC06EB2701B275F1FC0FE');
INSERT INTO "wrs"("id","Geometry") VALUES('230067',X'0001E6100000D0E0CEF234BE4EC025D206891FE625C053B2457058D64DC052B31A3D819322C07C03000000010000000500000041329A901D964EC052B31A3D819322C053B2457058D64DC0D02DA75D500223C0839564D16FFE4DC025D206891FE625C0D0E0CEF234BE4EC046DDBB5B507725C041329A901D964EC052B31A3D819322C0FE');
INSERT INTO "wrs"("id","Geometry") VALUES('230068',X'0001E61000000C1873D997E64EC00E5AB346B9C928C06EBECF5084FE4DC05F82F7224A7725C07C03000000010000000500000031E54CB73FBE4EC05F82F7224A7725C06EBECF5084FE4DC0C9EEF1B013E625C09071A271DC264EC00E5AB346B9C928C00C1873D997E64EC0F77D3EABEF5A28C031E54CB73FBE4EC05F82F7224A7725C0FE');
INSERT INTO "wrs"("id","Geometry") VALUES('230069',X'0001E61000004776501C470F4FC032331FCC21AD2BC091610E23F4264EC0968C4475E85A28C07C030000000100000005000000D3AE2454A4E64EC0968C4475E85A28C091610E23F4264EC0527BF395ABC928C07A6BA8E9964F4EC032331FCC21AD2BC04776501C470F4FC079883B9D5E3E2BC0D3AE2454A4E64EC0968C4475E85A28C0FE');
INSERT INTO "wrs"("id","Geometry") VALUES('231057',X'0001E6100000C1E90D3F7CF84DC06BD1522BF40D0C40A0A173C921114DC0D21F07461BAD14407C030000000100000005000000007417EFFDD04DC0D21F07461BAD1440A0A173C921114DC09DEC911D63CF1340866FCD1AA0384DC06BD1522BF40D0C40C1E90D3F7CF84DC0E20DC29364C90D40007417EFFDD04DC0D21F07461BAD1440FE');
INSERT INTO "wrs"("id","Geometry") VALUES('231058',X'0001E610000067377532DE1F4EC0409B99E4D07C0040B92D09D797384DC026F2E4B259C90D407C030000000100000005000000141F258A77F84DC026F2E4B259C90D40B92D09D797384DC0F8CB3911E10D0C401F837E80FE5F4DC0409B99E4D07C004067377532DE1F4EC02CEC19A149380240141F258A77F84DC026F2E4B259C90D40FE');
INSERT INTO "wrs"("id","Geometry") VALUES('231059',X'0001E610000044EE94AD32474EC013A5AEA733AEE33F80734C11F95F4DC043028148423802407C030000000100000005000000EBC4CA04DB1F4EC0430281484238024080734C11F95F4DC04E1A2D55C47C004045BEFEBA50874DC013A5AEA733AEE33F44EE94AD32474EC0239781ED2B9CEA3FEBC4CA04DB1F4EC04302814842380240FE');
INSERT INTO "wrs"("id","Geometry") VALUES('231060',X'0001E6100000D8587F41826E4EC058C66A080497EABFFD449B194E874DC08837A1871C9CEA3F7C030000000100000005000000FFA9340331474EC08837A1871C9CEA3FFD449B194E874DC0CA4127561BAEE33FF0F490589FAE4DC058C66A080497EABFD8587F41826E4EC04205545102A9E3BFFFA9340331474EC08837A1871C9CEA3FFE');
INSERT INTO "wrs"("id","Geometry") VALUES('231061',X'0001E6100000B9060C79D5954EC08719CB1C023702C0BC00B8819FAE4DC0CE83C8CD03A9E3BF7C0300000001000000050000007B4D5818826E4EC0CE83C8CD03A9E3BFBC00B8819FAE4DC03541F68B0297EABF21CADAE2F2D54DC08719CB1C023702C0B9060C79D5954EC0C9319948827B00C07B4D5818826E4EC0CE83C8CD03A9E3BFFE');
INSERT INTO "wrs"("id","Geometry") VALUES('231062',X'0001E61000009842BCE334BD4EC004A0B39F1FC80DC01F06BFD6F5D54DC02E9FD12D7F7B00C07C0300000001000000050000001A15EBD0D6954EC02E9FD12D7F7B00C01F06BFD6F5D54DC00B6AB849FB3602C01E62C3E953FD4DC004A0B39F1FC80DC09842BCE334BD4EC06D6EEF5BA30C0CC01A15EBD0D6954EC02E9FD12D7F7B00C0FE');
INSERT INTO "wrs"("id","Geometry") VALUES('231063',X'0001E610000018F6A720A9E44EC0053E6A5E81AC14C0A6480FAC59FD4DC070BF6AC39C0C0CC07C030000000100000005000000D0A04ABE37BD4EC070BF6AC39C0C0CC0A6480FAC59FD4DC04E2A315012C80DC07E21640ECB244EC0053E6A5E81AC14C018F6A720A9E44EC056618182C6CE13C0D0A04ABE37BD4EC070BF6AC39C0C0CC0FE');
INSERT INTO "wrs"("id","Geometry") VALUES('231064',X'0001E6100000EAF897E93A0C4FC01D3C494DCA741AC0293843A6D3244EC0B3CA4773C1CE13C07C030000000100000005000000F6C47081ADE44EC0B3CA4773C1CE13C0293843A6D3244EC00748277077AC14C06D52260E614C4EC01D3C494DCA741AC0EAF897E93A0C4FC0E7FA5239149719C0F6C47081ADE44EC0B3CA4773C1CE13C0FE');
INSERT INTO "wrs"("id","Geometry") VALUES('231065',X'0001E610000083B6661EF3334FC04D59CF936F1E20C0092359866C4C4EC04EF4D1600D9719C07C030000000100000005000000EE7F11D6400C4FC04EF4D1600D9719C0092359866C4C4EC05B20170CBD741AC066872ECE1E744EC04D59CF936F1E20C083B6661EF3334FC0D90CB7632F5F1FC0EE7F11D6400C4FC04EF4D1600D9719C0FE');
INSERT INTO "wrs"("id","Geometry") VALUES('231066',X'0001E61000006C9EC8D0DA5B4FC0999FFF365A0223C0218B26352D744EC06FE255B9265F1FC07C03000000010000000500000070FE009EFA334FC06FE255B9265F1FC0218B26352D744EC0DBBA6541671E20C0176232670D9C4EC0999FFF365A0223C06C9EC8D0DA5B4FC009133145869322C070FE009EFA334FC06FE255B9265F1FC0FE');
INSERT INTO "wrs"("id","Geometry") VALUES('231067',X'0001E610000060559D50FB834FC0CFD8C0491FE625C07F8539CF1E9C4EC032219401819322C07C0300000001000000050000002F6A01EDE35B4FC032219401819322C07F8539CF1E9C4EC0F9D33328500223C09858DD3136C44EC0CFD8C0491FE625C060559D50FB834FC01BF54D15507725C02F6A01EDE35B4FC032219401819322C0FE');
INSERT INTO "wrs"("id","Geometry") VALUES('231068',X'0001E61000000A62EE385EAC4FC076CF2AFDB8C928C0893C48B14AC44EC0123689DC497725C07C03000000010000000500000063311B1506844FC0123689DC497725C0893C48B14AC44EC06D2CAB7113E625C02D80E6D3A2EC4EC076CF2AFDB8C928C00A62EE385EAC4FC01BBB7B59EF5A28C063311B1506844FC0123689DC497725C0FE');
INSERT INTO "wrs"("id","Geometry") VALUES('231069',X'0001E6100000B596BF7D0DD54FC0C9B5E57721AD2BC0A81C5285BAEC4EC0DC438123E85A28C07C03000000010000000500000003C89FB36AAC4FC0DC438123E85A28C0A81C5285BAEC4EC05CE6694CABC928C01B82FF4D5D154FC0C9B5E57721AD2BC0B596BF7D0DD54FC059EBB73F5E3E2BC003C89FB36AAC4FC0DC438123E85A28C0FE');
INSERT INTO "wrs"("id","Geometry") VALUES('232056',X'0001E6100000DA3DF08BCA964EC080060CCC6FCF13409AFF868A54AF4DC0C47A7DB160751A407C03000000010000000500000012E672CF2B6F4EC0C47A7DB160751A409AFF868A54AF4DC0D6FF9042AE9719409AE6BF48F3D64DC080060CCC6FCF1340DA3DF08BCA964EC089A8464722AD144012E672CF2B6F4EC0C47A7DB160751A40FE');
INSERT INTO "wrs"("id","Geometry") VALUES('232057',X'0001E610000017E4969842BE4EC073043AE5F30D0C40C3B51326E8D64DC06AE4EA0B1BAD14407C030000000100000005000000A4B4E749C4964EC06AE4EA0B1BAD1440C3B51326E8D64DC0BE6CB8ED62CF134058763F7666FE4DC073043AE5F30D0C4017E4969842BE4EC07ADA903D64C90D40A4B4E749C4964EC06AE4EA0B1BAD1440FE');
INSERT INTO "wrs"("id","Geometry") VALUES('232058',X'0001E61000001B72FA8AA4E54EC075C80BBAD07C004004487B325EFE4DC0F027B45C59C90D407C0300000001000000050000005326AEE33DBE4EC0F027B45C59C90D4004487B325EFE4DC03AA921CBE00D0C409F6306DBC4254EC075C80BBAD07C00401B72FA8AA4E54EC0EF4CE16A493802405326AEE33DBE4EC0F027B45C59C90D40FE');
INSERT INTO "wrs"("id","Geometry") VALUES('232059',X'0001E6100000D3C75905F90C4FC060A7477333AEE33F8961D46BBF254EC052974812423802407C030000000100000005000000C108505DA1E54EC052974812423802408961D46BBF254EC043979F2AC47C0040949EDF14174D4EC060A7477333AEE33FD3C75905F90C4FC01FEE259C2B9CEA3FC108505DA1E54EC05297481242380240FE');
INSERT INTO "wrs"("id","Geometry") VALUES('232060',X'0001E610000081C8C59848344FC0BFBE76BF0397EABF332C7C73144D4EC0DFD445361C9CEA3F7C0300000001000000050000008E88F95AF70C4FC0DFD445361C9CEA3F332C7C73144D4EC02DA0C0211BAEE33FFF850DB265744EC0BFBE76BF0397EABF81C8C59848344FC0D7E6A11302A9E3BF8E88F95AF70C4FC0DFD445361C9CEA3FFE');
INSERT INTO "wrs"("id","Geometry") VALUES('232061',X'0001E6100000069616D09B5B4FC053F85AE9013702C05A9134DB65744EC06062169003A9E3BF7C0300000001000000050000009CF49E6F48344FC06062169003A9E3BF5A9134DB65744EC06B3B02430297EABFE165353CB99B4EC053F85AE9013702C0069616D09B5B4FC076C38E13827B00C09CF49E6F48344FC06062169003A9E3BFFE');
INSERT INTO "wrs"("id","Geometry") VALUES('232062',X'0001E6100000F9A6CC3AFB824FC0F5333A491FC80DC052991930BC9B4EC03C2FC7F87E7B00C07C0300000001000000050000000569F5279D5B4FC03C2FC7F87E7B00C052991930BC9B4EC0C53F4816FB3602C0EE603E431AC34EC0F5333A491FC80DC0F9A6CC3AFB824FC086CF73FFA20C0CC00569F5279D5B4FC03C2FC7F87E7B00C0FE');
INSERT INTO "wrs"("id","Geometry") VALUES('232063',X'0001E6100000AB1D00786FAA4FC097D6C02081AC14C003FF890520C34EC05D0CEF669C0C0CC07C03000000010000000500000076FB5A15FE824FC05D0CEF669C0C0CC003FF890520C34EC09C8AB7F911C80DC0B4F0416891EA4EC097D6C02081AC14C0AB1D00786FAA4FC019DBA43FC6CE13C076FB5A15FE824FC05D0CEF669C0C0CC0FE');
INSERT INTO "wrs"("id","Geometry") VALUES('232064',X'0001E61000005F107A4101D24FC0D90F4EFCC9741AC019EC20009AEA4EC038286B30C1CE13C07C030000000100000005000000F7DCC8D873AA4FC038286B30C1CE13C019EC20009AEA4EC0D7A07D3277AC14C038ABA96827124FC0D90F4EFCC9741AC05F107A4101D24FC03C14F5E0139719C0F7DCC8D873AA4FC038286B30C1CE13C0FE');
INSERT INTO "wrs"("id","Geometry") VALUES('232065',X'0001E610000000551577B9F94FC071C937616F1E20C0C355DCE032124FC029D673080D9719C07C0300000001000000050000007981F32D07D24FC029D673080D9719C0C355DCE032124FC06E7D1BBBBC741AC0276E9A29E5394FC071C937616F1E20C000551577B9F94FC0A57DF8F42E5F1FC07981F32D07D24FC029D673080D9719C0FE');
INSERT INTO "wrs"("id","Geometry") VALUES('232066',X'0001E6100000C25D4395D01050C0E665DEF9590223C0F23F9290F3394FC051F7964A265F1FC07C0300000001000000050000001849AFF6C0F94FC051F7964A265F1FC0F23F9290F3394FC089CBCD0E671E20C0FBFCCAC3D3614FC0E665DEF9590223C0C25D4395D01050C008793302869322C01849AFF6C0F94FC051F7964A265F1FC0FE');
INSERT INTO "wrs"("id","Geometry") VALUES('232067',X'0001E61000001BB1D7D5E02450C018A0A7011FE625C06218D22BE5614FC03C4296BE809322C07C030000000100000005000000E9CC5F23D51050C03C4296BE809322C06218D22BE5614FC0B60D12EB4F0223C060AAE78FFC894FC018A0A7011FE625C01BB1D7D5E02450C05EA345C64F7725C0E9CC5F23D51050C03C4296BE809322C0FE');
INSERT INTO "wrs"("id","Geometry") VALUES('232068',X'0001E6100000A479CC4A123950C0748EACA9B8C928C0F740520F118A4FC07183808D497725C07C030000000100000005000000BD881638E62450C07183808D497725C0F740520F118A4FC0BB30912913E625C09039A83369B24FC0748EACA9B8C928C0A479CC4A123950C0DDD6FDFDEE5A28C0BD881638E62450C07183808D497725C0FE');
INSERT INTO "wrs"("id","Geometry") VALUES('232069',X'0001E6100000D9A824EE694D50C0419E961821AD2BC0D37813E580B24FC09ADD02C8E75A28C07C030000000100000005000000B4112588183950C09ADD02C8E75A28C0D37813E580B24FC026A2EAF8AAC928C0B0DABFAF23DB4FC0419E961821AD2BC0D9A824EE694D50C0BA135BD75D3E2BC0B4112588183950C09ADD02C8E75A28C0FE');
INSERT INTO "wrs"("id","Geometry") VALUES('233057',X'0001E61000005493BDEF08844FC089EAB293F30D0C401D9FAE80AE9C4EC0EC1F6CC91AAD14407C0300000001000000050000007E7164A28A5C4FC0EC1F6CC91AAD14401D9FAE80AE9C4EC0DFFACBB562CF13409A3F9DCF2CC44EC089EAB293F30D0C405493BDEF08844FC098894CDB63C90D407E7164A28A5C4FC0EC1F6CC91AAD1440FE');
INSERT INTO "wrs"("id","Geometry") VALUES('233058',X'0001E61000005CBE0EE16AAB4FC0AC1CC788D07C00401828D98B24C44EC03C4470FA58C90D407C030000000100000005000000581BD53A04844FC03C4470FA58C90D401828D98B24C44EC0BE409B79E00D0C400C816A338BEB4EC0AC1CC788D07C00405CBE0EE16AAB4FC09A25472D49380240581BD53A04844FC03C4470FA58C90D40FE');
INSERT INTO "wrs"("id","Geometry") VALUES('233059',X'0001E6100000C8019E5ABFD24FC02495DE3633AEE33FA7C538C485EB4EC014A7AED4413802407C0300000001000000050000006C5F64B367AB4FC014A7AED441380240A7C538C485EB4EC019405BF9C37C0040DF1F8D6CDD124FC02495DE3633AEE33FC8019E5ABFD24FC0CE2005402B9CEA3F6C5F64B367AB4FC014A7AED441380240FE');
INSERT INTO "wrs"("id","Geometry") VALUES('233060',X'0001E6100000F9057CED0EFA4FC04FCDB36B0397EABF6FEC29CBDA124FC0025425DA1B9CEA3F7C03000000010000000500000031C83DB0BDD24FC0025425DA1B9CEA3F6FEC29CBDA124FC0C3F357E51AAEE33FDDF646092C3A4FC04FCDB36B0397EABFF9057CED0EFA4FC08B1AFDCD01A9E3BF31C83DB0BDD24FC0025425DA1B9CEA3FFE');
INSERT INTO "wrs"("id","Geometry") VALUES('233061',X'0001E61000005F5A4012B11050C0BDE485AE013702C0BECA6D322C3A4FC07692714A03A9E3BF7C030000000100000005000000A73255C40EFA4FC07692714A03A9E3BFBECA6D322C3A4FC06C4C3FEF0197EABF46A43C937F614FC0BDE485AE013702C05F5A4012B11050C03CEFDCD7817B00C0A73255C40EFA4FC07692714A03A9E3BFFE');
INSERT INTO "wrs"("id","Geometry") VALUES('233062',X'0001E610000083F795C7602450C03399AEE61EC80DC00197208782614FC0B85A15BD7E7B00C07C03000000010000000500000064C12FBEB11050C0B85A15BD7E7B00C00197208782614FC0062673DBFA3602C01657559AE0884FC03399AEE61EC80DC083F795C7602450C03740AA97A20C0CC064C12FBEB11050C0B85A15BD7E7B00C0FE');
INSERT INTO "wrs"("id","Geometry") VALUES('233063',X'0001E61000001DE84AE61A3850C0AC31BADA80AC14C065E1A05CE6884FC0CD6B25FF9B0C0CC07C030000000100000005000000D200DD34622450C0CD6B25FF9B0C0CC065E1A05CE6884FC018C22B9711C80DC0355BAABF57B04FC0AC31BADA80AC14C01DE84AE61A3850C0D1A7D0F4C5CE13C0D200DD34622450C0CD6B25FF9B0C0CC0FE');
INSERT INTO "wrs"("id","Geometry") VALUES('233064',X'0001E61000006C0244CBE34B50C08971A4A0C9741AC0D56E895760B04FC0FBDA96E5C0CE13C07C030000000100000005000000995AAF161D3850C0FBDA96E5C0CE13C0D56E895760B04FC0B0C076EC76AC14C0F731A6C0EDD74FC08971A4A0C9741AC06C0244CBE34B50C082D5517E139719C0995AAF161D3850C0FBDA96E5C0CE13C0FE');
INSERT INTO "wrs"("id","Geometry") VALUES('233065',X'0001E6100000EAC16EE6BF5F50C0F51B22286F1E20C0D3B1D838F9D74FC03863D0A50C9719C07C03000000010000000500000051CA80C1E64B50C03863D0A50C9719C0D3B1D838F9D74FC0B96E715FBC741AC0F3856D82ABFF4FC0F51B22286F1E20C0EAC16EE6BF5F50C0D56EAA792E5F1FC051CA80C1E64B50C03863D0A50C9719C0FE');
INSERT INTO "wrs"("id","Geometry") VALUES('233066',X'0001E61000007EF5A5C0B37350C0C11C1AB5590223C0082065E9B9FF4FC0D79048CF255F1FC07C03000000010000000500000085C73BA6C35F50C0D79048CF255F1FC0082065E9B9FF4FC0A9C2B7D5661E20C021F8DB0ECD1350C0C11C1AB5590223C07EF5A5C0B37350C00409CBB7859322C085C73BA6C35F50C0D79048CF255F1FC0FE');
INSERT INTO "wrs"("id","Geometry") VALUES('233067',X'0001E61000007453DA01C48750C0D294C8B01EE625C0D362DFC2D51350C0F18F2D74809322C07C0300000001000000050000009950C24EB87350C0F18F2D74809322C0D362DFC2D51350C0123D4DA64F0223C0BA349975E12750C0D294C8B01EE625C07453DA01C48750C0A59FB16E4F7725C09950C24EB87350C0F18F2D74809322C0FE');
INSERT INTO "wrs"("id","Geometry") VALUES('233068',X'0001E6100000D6459177F59B50C00323484CB8C928C0AE704EB5EB2750C01D22EC35497725C07C0300000001000000050000000FF71864C98750C01D22EC35497725C0AE704EB5EB2750C0A068B1D812E625C074304BC8173C50C00323484CB8C928C0D6459177F59B50C0E5DAD598EE5A28C00FF71864C98750C01D22EC35497725C0FE');
SELECT CreateSpatialIndex('wrs','Geometry');